mention,best_cui,best_name,mapped
0,C3842591,0%,True
1,C2827734,1+,True
1 . 9,C3842508,1 - 9%,True
1 of 2 side,C0441987,Side,True
1 of 3,C2827736,3+,True
1 of the from,C2827734,1+,True
1 or 2,C4521152,1 or 2,True
1 vw,C2737230,Vw,True
100 %,C1704407,100,True
10th,C0205444,10th,True
11th,C0205445,11th,True
12th,C0205446,12th,True
18 months,C0439231,months,True
180 - degree,C0449286,Degree,True
1st,C0205435,1st,True
2,C2827735,2+,True
2 - channel,C1706095,Channel,True
2 . 6,C5399941,6,True
2 . 7,C0205453,7,True
2 . 8,C0205454,8,True
2 . 9,C0205455,9,True
2 0,C3842591,0%,True
2 2,C0227033,2,True
2 2 shunting,C0813207,shunting,True
2 5,C0227038,5,True
2 adjacent,C0205117,Adjacent,True
2 areas,C0205146,areas,True
2 below,C0542339,Below,True
2 day,C3843640,> 2/day,True
2 distal,C0205108,Distal,True
2 drain,C0180499,Drain,True
2 far,C5446008,Far,True
2 high,C3841722,2 - High,True
2 levels,C4724289,2 levels,True
2 of 3,C2827736,3+,True
2 overlapping,C0185027,Overlapping,True
2 proximal,C4489236,Proximal,True
2 round,C0332490,Round,True
2 swan - ganz,C0325528,Genus Cygnus,True
2 tip,C1705504,TIP,True
2 to 3,C2827736,3+,True
2 vws,C2697656,VWS,True
270 - degree,C0449286,Degree,True
2nd,C0205436,2nd,True
3,C2827736,3+,True
"3 , 5 , 6 and 9",C1827264,9,True
3 - channel,C1706095,Channel,True
3 - lead,C3841585,3 lead,True
3 - part,C1709471,Part,True
3 days prior,C0332152,Prior,True
3 hr ago,C1704938,AGO,True
3 lead,C3841585,3 lead,True
3 levels,C0456949,3 levels,True
3 minor,C1446899,minor,True
3 through 9,C1827264,9,True
360 - degree,C0449286,Degree,True
360 degree,C0449286,Degree,True
3d,C1442459,3D,True
3rd,C0205437,3rd,True
4,C0227037,4,True
4 through 5,C0227038,5,True
4 through 6,C5234862,6,True
4 through 8,C1827697,8,True
4th,C0205438,4th,True
5,C5203119,5,True
5 and 6,C5234862,6,True
5 centimeters,C0475210,centimeters,True
5 through 7,C1828371,7,True
5 through 8,C1827697,8,True
50 %,C3843766,<50,True
5th,C0205439,5th,True
6,C5399941,6,True
6 and 7,C1828371,7,True
6 through 8,C1827697,8,True
6 weeks + rifampin,C0035608,Rifampin,True
60 %,C3816724,60,True
7,C0205453,7,True
"7 , 8 and 9",C1827264,9,True
8,C1827697,8,True
8 months,C0439231,months,True
8 point,C1552961,Point,True
80,C3816958,80,True
9,C1827264,9,True
9 stent,C0038257,Stent,True
9th,C0205443,9th,True
a,C5669961,(--/-a),True
a - channel,C1706095,Channel,True
a - or orogastric,C0450104,Orogastric,True
a . m,C0439113,M,True
a / c,C3715096,C,True
a change in patient position,C0449850,Patient position,True
a few,C0205388,Few,True
a little,C3889124,A Little,True
a mal - positioned,C0024551,Malayalam language,True
a port,C0452253,Port,True
a ring - like,C0870814,Like,True
a side - port,C0452253,Port,True
a swan - ganz,C0325528,Genus Cygnus,True
a vena cava,C0042460,Vena Cava,True
aa,C5669956,(--/aa),True
aaa,C0003486,AAA,True
aatelectasis,C0004144,Atelectasis,True
abandoned,C1272694,Abandoned,True
abdomen,C0230168,Abdomen,True
abdomina,C0000726,Abdomen,True
abdominal,C0000726,abdominal,True
abdominal - drain,C2266645,abdominal drain,True
abdominopelvic,C0000726,Abdomen,True
abduction,C0231456,Abduction,True
aberrant,C0443127,Aberrant,True
abg,C0150411,ABG,True
ability,C5891046,Ability,True
ablation,C0547070,Ablation,True
abnormal,C0205161,Abnormal,True
abnormalities,C0000769,abnormalities,True
abnormality,C1704258,Abnormality,True
abnormally,C1299352,Abnormally low (qualifier value),True
about,C0332232,About,True
about %,C0332232,About,True
about a centimeter,C0475210,Centimeter,True
above,C1282910,Above,True
above - described,C1552738,described,True
above dome,C1707807,Dome,True
above ge junction,C0205144,Junction,True
above the mandible,C0024687,Mandible,True
above this level,C0456079,Level,True
abpa,C0004031,ABPA,True
abrupt,C5201090,Abrupt,True
abscence,C0235956,abscence,True
abscess,C0000833,Abscess,True
abscesses,C0000833,Abscesses,True
absence,C1689985,Absence,True
absent,C5237010,Absent,True
absolute,C0205344,Absolute,True
absorption,C2347023,Absorption,True
abundant,C2346714,Abundant,True
abuse,C0562381,Abuse,True
ac,C2000891,AC,True
aca,C0085762,aca,True
accelerated,C0521110,Accelerated,True
acceleration,C0521110,Acceleration,True
accentuate,C1997416,Accentuated,True
accentuated,C1997416,Accentuated,True
accentuation,C2072523,accentuation,True
acceptable,C3539083,Acceptable,True
acceptable positioning,C0733755,Positioning,True
access,C0444454,Access,True
accessed,C0444454,accessed,True
accessibility,C0814423,accessibility,True
accessory,C2963249,Accessory,True
accident,C2046386,accident,True
accidental,C0000924,Accidental,True
accompanying change,C0392747,Change,True
according,C0680240,according,True
accounting,C0000938,Accounting,True
accumulation,C4055506,Accumulation,True
accumulationg,C4055506,Accumulation,True
accumulations,C4042934,Mutation Accumulation,True
accuracy,C0443131,Accuracy,True
accurately assess,C1516048,Assess,True
accurately assessed,C1516048,Assessed,True
accurately be assessed,C1516048,Assessed,True
accute process,C4521054,Process,True
acdf,C4552416,ACDF,True
ace,C0050385,ACe,True
acer,C0330996,Acer,True
achalasia,C0014848,Achalasia,True
acid,C0001128,Acid,True
acidosis,C0001122,Acidosis,True
acinar,C0332207,Acinar,True
acinar - sized,C0332207,Acinar,True
acquired,C0439661,Acquired,True
acquisition,C1706701,Acquisition,True
acquisitions,C1706701,Acquisition (action),True
acro - osteolysis,C0917990,Acro-Osteolysis,True
acromio - clavicular,C0008913,Clavicular,True
acromioclavicular,C0695640,acromioclavicular,True
acromion,C0001209,Acromion,True
across,C2828360,Across,True
actinomycosis,C0001261,Actinomycosis,True
action,C0441472,Action,True
activate,C1515877,Activate,True
active,C0679217,Active,True
active extravasation,C0015376,Extravasation,True
activity,C3668946,Activity,True
actual,C0237400,Actual,True
acuity,C0750509,acuity,True
acute,C0205178,Acute,True
acute - appearing,C0205178,acute,True
acute - on - chronic,C0439588,Acute-on-chronic,True
acute disease,C0001314,Acute disease,True
acute findings,C2607943,findings,True
acute infection,C0275518,Acute infection,True
acute kink,C0333177,kink,True
acute onset,C1276802,Acute Onset,True
acute process,C4521054,Process,True
acute rupture,C3203359,Rupture,True
acute setting a,C0542559,setting,True
ad,C0332133,AD,True
add,C5401128,Add,True
add - on,C5401128,Add,True
added,C1524062,Added,True
addendum,C1510776,Addendum,True
additional,C1524062,Additional,True
additional component,C0449432,Component,True
additional interval,C1272706,Interval,True
additional lines,C1548328,Lines,True
adenitis,C0024205,Adenitis,True
adenocarcinoma,C5551397,Adenocarcinoma,True
adenoma,C0001430,Adenoma,True
adenopathy,C0497156,Adenopathy,True
adequate,C0205410,Adequate,True
adequate position,C0733755,Position,True
adequately assessed,C1516048,Assessed,True
adetectable,C3830527,Detectable,True
adherent,C0334154,adherent,True
adhesion,C0001511,Adhesion,True
adhesions,C0001511,Adhesions,True
adhesive,C0001516,Adhesive,True
adiposity,C0028754,Adiposity,True
adjacent,C0205117,Adjacent,True
adjacent - hematoma,C0018944,Hematoma,True
adjacent to the junction,C0205144,Junction,True
adjusted,C0456081,Adjusted,True
adjustment,C0456081,Adjustment,True
administration,C0001554,Administration,True
admission,C0809949,Admission,True
adn,C2827389,ADN,True
adrenal,C0001625,Adrenal,True
adulthood,C0700597,Adulthood,True
advance,C0725066,Advance,True
advanced,C0205179,Advanced,True
advancement,C0441478,Advancement,True
advantage,C0308269,ADVANTAGE,True
aeration,C2215609,aeration,True
aerodigestive,C1267213,Upper aerodigestive tract,True
affect,C0001721,Affect,True
affected,C0392760,Affected,True
affecting,C0392760,Affecting,True
affection,C0871641,Affection,True
affects,C0001721,Affects,True
afferent,C0205115,Afferent,True
after,C0231290,After,True
after re - positioning,C0733755,Positioning,True
against,C0521124,Against,True
age,C0162574,AGE,True
age - indeterminant,C0001779,Age,True
age - indeterminate,C0205258,Indeterminate,True
age - interminate,C0001779,Age,True
age - related,C0445223,Related,True
age indeterminant,C0001779,Age,True
age indeterminate,C0205258,Indeterminate,True
age related,C0445223,Related,True
aged,C0001792,Aged,True
agent,C1254351,Agent,True
ages,C0162574,AGEs,True
aggravated,C0436331,Aggravated,True
aggregate,C0205418,Aggregate,True
aggressive,C0580822,Aggressive,True
agitation,C0085631,Agitation,True
ago,C1704938,AGO,True
ague,C0085593,ague,True
ah,C1150943,AH,True
aicd,C0972395,aicd,True
aicd - pacemaker,C0030163,pacemaker,True
aicd - type,C0332307,Type,True
aicd / pacemaker,C0030163,pacemaker,True
aid,C0449435,Aid,True
aids,C0001175,AIDS,True
ailment,C0221423,ailment,True
aip,C0162565,AIP,True
air,C1866503,AIR,True
air - bronchograms,C0006282,bronchograms,True
air - containing,C0332256,Containing,True
air - distended,C0700124,Distended,True
air - filled,C1708059,Filled,True
air - filled structure,C0678594,Structure,True
air - fluid,C0444611,Fluid,True
air - fluid level,C0740844,air fluid level,True
air - fluid levels,C0740844,air fluid levels,True
air - fluids,C1521806,Fluids,True
air - fuid,C0001861,Air (substance),True
air - gas,C0596601,Gas,True
air - leak,C0332234,Leak,True
air - level,C0456079,Level,True
air - levels,C0441889,Levels,True
air - space,C1883067,Space,True
air - trapping,C0231819,Air trapping,True
air / fluid,C0444611,Fluid,True
air bronchogram,C3669021,Air bronchogram,True
air bronchograms,C0006282,bronchograms,True
air bubble,C0001863,Air bubble,True
air bubbles,C0001863,air bubbles,True
air collection,C0600644,Collection,True
air column,C1706132,Column,True
air cut - off sign,C0311392,Sign,True
air day,C0439505,/day,True
air density,C0178587,Density,True
air distended,C0700124,Distended,True
air filled,C1708059,Filled,True
air fills,C0001861,Air (substance),True
air fluid,C0444611,Fluid,True
air fluid level,C0740844,air fluid level,True
air fluid levels,C0740844,air fluid levels,True
air ford,C0001861,Air (substance),True
air introduced,C0001861,Air (substance),True
air leak,C0332234,Leak,True
air less,C0547044,Less,True
air levels,C0441889,Levels,True
air os,C0232275,OS,True
air projected,C0016538,Projected,True
air shadow,C0332554,Shadow,True
air space,C1883067,Space,True
air spaces,C0001861,Air (substance),True
air tracking,C0546881,Tracking,True
air trapping,C0231819,Air trapping,True
air verses,C0001861,Air (substance),True
airflow,C0231999,Airflow,True
airway,C0458827,Airway,True
airway - centric,C0178987,Artificial Airways,True
airways,C0458827,Airways,True
al - defined,C3539106,Defined,True
ala,C0001898,Ala,True
alarming,C0336648,alarming,True
align,C2369992,Align,True
aligned,C1706765,Aligned,True
aligned perpendicular,C1295725,Perpendicular,True
alignment,C1706765,Alignment,True
alkaline,C5397945,Alkaline urine,True
alkalosis,C0002063,Alkalosis,True
all,C3539085,All,True
all in all,C1961102,ALL,True
all planes,C1049866,planes,True
all ports,C0475311,ports,True
allergic,C0700624,Allergic,True
allowances,C0556660,allowances,True
allowing,C0683607,allowing,True
almost,C3828842,Almost,True
almost completely resolved,C5419890,Completely Resolved,True
alone,C0439044,alone,True
along its course,C0750729,Course,True
along side,C0441987,Side,True
alpha - 1,C2827734,1+,True
alpha 1,C2827734,1+,True
alteration,C1515926,Alteration,True
altered,C0392747,Altered,True
alternate,C1523987,Alternate,True
alternating,C0332270,Alternating,True
alternative,C1523987,Alternative,True
alveolar,C1440080,Alveolar,True
alveolar - filling,C1440080,Alveolar,True
alveolar - type,C0332307,Type,True
alveoli,C1515933,Alveoli,True
alveolitis,C0549493,Alveolitis,True
alveolitis - type,C0332307,Type,True
am,C4520798,Am,True
am - cuffing,C3668885,Cuffing,True
am swan - ganz,C0325528,Genus Cygnus,True
amalgam,C0011324,Amalgam,True
ambiguous,C3539086,Ambiguous,True
ambulation,C0080331,Ambulation,True
amid,C1826619,AMID,True
amiodarone,C0002598,Amiodarone,True
amiodarone - related,C0445223,Related,True
aml,C0023467,AML,True
amniotic,C0002630,Amniotic,True
amount,C1265611,Amount,True
amount of,C1265611,Amount,True
amounts,C1265611,amounts,True
amputated,C0231447,amputated,True
amputation,C0002688,Amputation,True
amyloid,C0011560,Amyloid,True
an,C1847492,AN,True
an ill - defined,C3539106,Defined,True
an juices,C1268568,juices,True
anaplastic,C0205618,Anaplastic,True
anasarca,C0151603,Anasarca,True
anastomosis,C0677554,Anastomosis,True
anastomotic,C0677554,Anastomotic,True
anatomic,C0220784,Anatomic,True
anatomical,C0220784,Anatomical,True
anatomical variant,C0205419,Variant,True
anatomy,C0700276,Anatomy,True
anchor,C5553006,ANCHOR,True
anchors,C1293132,anchors,True
ancillary,C1549485,Ancillary,True
and,C1706368,And,True
and junction,C0205144,Junction,True
anemia,C0002871,Anemia,True
anesthesia,C0278134,Anesthesia,True
aneurysm,C0002940,Aneurysm,True
aneurysmal,C0439651,Aneurysmal,True
aneurysms,C0002940,ANEURYSMS,True
angle,C0205143,Angle,True
angles,C0205143,angles,True
angular,C0205143,Angular,True
angulated,C0333179,Angulated,True
angulating,C0333179,angulating,True
angulation,C0333179,angulation,True
ankle,C0003087,Ankle,True
ankylosis,C0003090,Ankylosis,True
annual,C0332181,Annual,True
annular,C0521164,Annular,True
annuloplasty,C0190165,Annuloplasty,True
annulus,C2262860,annulus,True
anomalies,C0000769,anomalies,True
anomalous,C3277934,Anomalous,True
anomaly,C1704257,Anomaly,True
anormalities,C0949333,Normality,True
ant,C0003455,Ant,True
antecubital,C1549091,Antecubital,True
antenatal,C2828394,Antenatal,True
anterior,C0205094,Anterior,True
anterior - basal,C0205112,Basal,True
anterior - inferior,C0542339,Inferior,True
anterior - most,C0205393,Most,True
anterior - posterior,C1999039,Anterior-Posterior,True
anterior 1st rib,C0035561,Rib,True
antero - apical,C0205111,Apical,True
anterolateral,C0332194,Anterolateral,True
anterolaterally,C0332194,Anterolateral,True
anterolisthesis,C1504511,Anterolisthesis,True
anteromedial,C1179847,Anteromedial,True
anteroposterior,C0458349,Anteroposterior plane,True
anterosuperior,C1179849,Anterosuperior,True
antibiotic,C0003232,Antibiotic,True
antibiotics,C0003232,Antibiotics,True
anticoagulant,C0003280,Anticoagulant,True
anticoagulation,C2919015,ANTICOAGULATION,True
antigen,C0003320,Antigen,True
antitrypsin,C2713669,Antitrypsin,True
antral,C0293352,Antral,True
antro - pyloric,C0034196,Pyloric,True
antrum,C1549092,Antrum,True
any,C1552551,Any,True
any side - port,C0452253,Port,True
ao dissection,C0333288,Dissection,True
aorta,C0003483,Aorta,True
aortic,C0003483,Aortic,True
aortic - pulmonary,C4522268,Pulmonary,True
aortic 0 pulmonary,C4522268,Pulmonary,True
aortic arch,C0003489,Aortic Arch,True
aorticopulmonary,C1282038,Aorticopulmonary body,True
aorto - biventricular,C0699808,biventricular,True
aorto - pulmonary,C4522268,Pulmonary,True
aortocaval,C2953246,Parietal lumbar lymph node group,True
aortoiliac,C0456326,Aortoiliac,True
ap,C5981604,Ap,True
ap dimension,C0439534,Dimension,True
ap orientation,C0029266,Orientation,True
ap portable,C4299032,Portable,True
ap portable technique,C0449851,Technique,True
ap position,C0733755,Position,True
ap positioning,C0733755,Positioning,True
ap projection,C0442212,AP projection,True
ap supine,C0038846,Supine,True
ap techique,C0002680,ampicillin,True
ap technique,C0449851,Technique,True
ap window,C0003516,AP Window,True
apex,C0140145,APEX,True
apex - to - base,C2987514,Base,True
apical,C0205111,Apical,True
apical - lateral,C0205093,Lateral,True
apical - predominant,C1542147,Predominant,True
apical ptx,C0030899,PTX,True
apically - directed,C1879741,As Directed,True
apico - basal,C0205112,Basal,True
apico - medial,C0205098,Medial,True
aplastic,C0334079,Aplastic,True
apnea,C0003578,Apnea,True
apneumothorax,C0032326,Pneumothorax,True
apparatus,C1947951,Apparatus,True
apparent,C0750489,apparent,True
apparently,C0750541,apparently,True
appeals,C0680651,appeals,True
appearance,C0233426,Appearance,True
appearances,C0700364,Appearances,True
appearing curve,C0205134,Curve,True
appendage,C4522151,Appendage,True
appendectomy,C0003611,Appendectomy,True
appendicular,C1077888,Appendicula,True
appliance,C1542418,Appliance,True
appliances,C0243112,appliances,True
apposition,C1283118,Apposition - action,True
approach,C0449445,Approach,True
approach catheter,C0085590,Catheter,True
appropriate,C1548787,Appropriate,True
appropriate position,C0733755,Position,True
appropriately - placed,C1533810,Placed,True
appropriately placed,C1533810,Placed,True
appropriately position,C0733755,Position,True
approximate,C0332232,Approximate,True
approximated,C0332232,Approximated,True
approximately,C0332232,Approximately,True
approximately %,C0332232,Approximately,True
approximately percent,C0439165,Percent,True
ar,C0332284,AR,True
aratracheal,C0442143,Paratracheal,True
arc,C0001857,ARC,True
arch,C0741204,Arch,True
architectural distortion,C2826609,Architectural Distortion,True
architecture,C0003737,Architecture,True
arcs,C1859722,ARCS,True
arcuate,C0205130,Arcuate,True
ardiomegaly,C0018800,Cardiomegaly,True
ards,C2887484,ARDS,True
are,C1551058,Are,True
area,C0017446,Area,True
areas,C0205146,areas,True
areola,C0222608,Areola,True
arge,C1043346,Arge,True
arising,C4019053,Arising,True
arm,C3495676,ARM,True
arm - tip,C1705504,TIP,True
arm place,C1704765,Place,True
arm position,C0459161,arm position,True
arms,C0446516,Arms,True
arota,C5619833,Arota,True
arotic arch,C0741204,Arch,True
aroto - pulmonary,C4522268,Pulmonary,True
around,C0750503,around,True
arrangement,C0449830,Arrangement,True
array,C1510941,Array,True
arrest,C0018790,arrest,True
arrhythmia,C0003811,Arrhythmia,True
arrhythmias,C0003811,Arrhythmias,True
arrow - like,C0870814,Like,True
arterial,C0003842,Arterial,True
arteries,C0003842,Arteries,True
arteriovenous,C0450109,Arteriovenous,True
artery,C0003842,Artery,True
arthritis,C0003864,Arthritis,True
arthrodesis,C0003881,Arthrodesis,True
arthropathy,C0022408,Arthropathy,True
arthroplasties,C0003893,Arthroplasties,True
arthroplasty,C0003893,Arthroplasty,True
arthrosis,C0029408,Arthrosis,True
articular,C0022417,Articular,True
articulation,C0022417,Articulation,True
artifact,C0085089,Artifact,True
artifacts,C0085089,Artifacts,True
artificial,C2004457,Artificial,True
arytenoid,C0003943,arytenoid,True
as,C1563293,As,True
as above,C1282910,Above,True
as on prior,C0332152,Prior,True
as part,C1709471,Part,True
as per team,C0871489,Team,True
as s / p tavr,C3509486,TAVR,True
as the see,C1947903,See,True
as well visualized,C0234621,Visualized,True
asbestos,C0003947,Asbestos,True
asbestos - related,C0445223,Related,True
asbestosis,C0003949,Asbestosis,True
asbestosis plaques,C0332461,Plaques,True
ascending,C1962987,Ascending,True
ascending order,C1705175,Order,True
ascites,C5441966,Ascites,True
ascitic,C0439685,Ascitic,True
asd,C0856975,ASD,True
aspect,C1879746,Aspect,True
aspect ' s,C0227098,S,True
aspect 3,C5234861,3,True
aspergilloma,C0276651,Aspergilloma,True
aspergillosis,C0004030,Aspergillosis,True
aspergillus,C0004034,Aspergillus,True
aspirate,C0370199,Aspirate,True
aspirated,C1720922,aspirated,True
aspirated contrast,C0009924,Contrast,True
aspirated oral contrast,C0009924,Contrast,True
aspirated tooth,C0040426,Tooth,True
aspiratin,C0370199,Aspirate substance,True
aspirating,C0370199,aspirating,True
aspiration,C2712334,Aspiration,True
aspiration - related,C0445223,Related,True
aspiration event,C0441471,Event,True
aspiration2,C0349707,Aspiration-action,True
aspirations,C0004056,aspirations,True
asplenia,C5779621,Asplenia,True
assess,C1516048,Assess,True
assessed,C1516048,Assessed,True
assessment,C1516048,Assessment,True
assist,C1269765,Assist,True
assist cannula,C0520453,Cannula,True
assistance,C1269765,Assistance,True
assisted,C1269765,Assisted,True
assisting,C0557034,Assisting,True
associated,C0332281,Associated,True
associated exudate,C0015388,Exudate,True
assortment,C2346866,Assortment,True
asthma,C0004096,Asthma,True
asthmatic,C0004096,Asthmatic,True
asthmatics,C0004096,asthmatics,True
asymmetric,C0332514,Asymmetric,True
asymmetric density,C0178587,Density,True
asymmetrical,C0332514,Asymmetrical,True
asymmetry,C0332514,Asymmetry,True
asymptomatic,C0231221,Asymptomatic,True
at,C1720398,At,True
at change,C0392747,Change,True
at least 1,C2827734,1+,True
at least 5 levels,C0441889,Levels,True
at least back to,C0205095,Back,True
atelectases,C0004144,Atelectases,True
atelectasi,C0004144,Atelectasis,True
atelectasis,C0004144,Atelectasis,True
atelectasis - infiltrates,C0332448,infiltrates,True
atelectasis - possible,C0332149,Possible,True
atelectasisi,C0004144,Atelectasis,True
atelectasiss,C0004144,Atelectasis,True
atelectatic,C0439688,Atelectatic,True
atelectatic changes,C0392747,changes,True
atelectatics,C0439688,Atelectatic,True
atelelectasis,C0004144,Atelectasis,True
atheromatous,C0264956,Atheromatous,True
atherosclerosis,C0004153,Atherosclerosis,True
atherosclerotic,C0333482,atherosclerotic,True
athletic,C1510656,Athletic,True
atresia,C1444214,Atresia,True
atria,C0018792,Atria,True
atrial,C0018792,Atrial,True
atrio - biventricular,C0699808,biventricular,True
atriocaval junction,C0205144,Junction,True
atrioventricular,C0226668,Structure of atrioventricular vein,True
atrium,C0018792,Atrium,True
atrophic,C0151514,Atrophic,True
attached,C3714578,Attached,True
attachment,C1947904,Attachment,True
attack,C1304680,attack,True
attempt,C1516084,Attempt,True
attempted,C1516084,Attempted,True
attempts,C3843352,No attempts,True
attendant,C4321323,Attendant,True
attendants,C0237485,attendants,True
attending,C1999232,attending,True
attention,C0004268,Attention,True
attenuated,C0332161,Attenuated,True
attenuates,C0599946,Attenuation,True
attenuation,C0599946,Attenuation,True
attributable,C0596130,Attributable,True
attributes,C0449234,Concept Attribute,True
atx,C3540601,ATX,True
atypical,C0741302,Atypical,True
atypical infection,C0009450,Infection,True
atypical myocbacterial,C0205182,Atypical,True
augmentation,C0332509,Augmentation,True
augmented,C0205217,Augmented,True
aureus,C3670429,Canis aureus aureus,True
auricle,C0928075,Auricle,True
auscultation,C0004339,Auscultation,True
auto,C1441488,Auto,True
auto - aspiration,C2712334,Aspiration,True
auto - infarction,C0021308,Infarction,True
av,C0752050,AV,True
av - fistula,C0003855,AV Fistula,True
average,C1510992,Average,True
avid,C2986972,Avid,True
avidity,C1510996,Avidity,True
avm,C0003857,AVM,True
avn,C0027543,AVN,True
avr,C0449217,aVR,True
avulsion,C0262386,Avulsion,True
aware,C0004448,Aware,True
axial,C0205131,Axial,True
axially assessed,C1516048,Assessed,True
axilla,C0004454,Axilla,True
axillary,C0004454,Axillary,True
axis,C0004457,Axis,True
az,C0003787,AZ,True
azathioprine,C0004482,Azathioprine,True
azygo - esophageal,C1522619,Esophageal,True
azygos,C0004526,Structure of azygous vein,True
azygous fissure,C0332469,Fissure,True
b,C3714979,B,True
b - cell,C0004561,B cell,True
b - lines,C1548328,Lines,True
b - type,C0332307,Type,True
b / c,C0227087,C,True
b / l,C0227103,L,True
ba,C0444816,Ba,True
babasilar,C1184146,Basilar,True
bac,C0684262,BAC,True
back,C0205095,Back,True
back to baseline,C0168634,baseline,True
background,C1706907,Background,True
backwards,C0439781,backwards,True
baclofen,C0004609,Baclofen,True
bacteremia,C0004610,Bacteremia,True
bacteria,C1510439,bacteria,True
bacterial,C0521009,Bacterial,True
bacteroides,C0004661,Bacteroides,True
bad,C0574425,BAD,True
bag,C0179196,Bag,True
bal,C0004712,Baló,True
balance,C0560184,Balance,True
balanced,C0205415,Balanced,True
ball,C1706910,Ball,True
ballon pump,C0182537,Pump,True
balloon,C0336867,Balloon,True
balloon pump,C0009346,Balloon pump,True
balloons,C0336867,balloons,True
band,C0175723,Band,True
band - like,C0870814,Like,True
band like,C0870814,Like,True
bandage,C2346961,Bandage,True
banding,C0185014,Banding,True
bands,C0175723,Bands,True
barely ends,C0444930,ends,True
barely visible,C0205379,Visible,True
barium,C0004749,Barium,True
barotrauma,C0004760,Barotrauma,True
barrel,C4319631,Barrel,True
barrel - shape,C2700485,Barrel Shape,True
barrel - shaped,C2700485,Barrel Shaped,True
bars,C1707156,BARS,True
bas,C4724517,BAS,True
basal,C0205112,Basal,True
basal - lateral,C0205093,Lateral,True
base,C2987514,Base,True
base on exam,C0582103,Exam,True
based,C1527178,Based,True
baseline,C0168634,baseline,True
bases,C1626935,Bases,True
basic,C0178499,Basic,True
basilar,C1184146,Basilar,True
basilar - predominant,C1542147,Predominant,True
basilar - predominent,C1184146,Basilar,True
basis,C1527178,Basis,True
baso - apical,C0205111,Apical,True
bat,C0008139,Bat,True
bat - wing,C0043189,Wing,True
battery,C0542351,Battery,True
battery site,C1515974,Site,True
batwing - like,C0870814,Like,True
bb,C0332297,BB,True
bb - marker,C5445211,Marker,True
bbs,C0398791,BBS,True
bcg,C0085957,BCG,True
bcgosis,C3830467,BCGosis,True
bcv,C3886763,BCV,True
be,C0014121,be,True
be acid,C0001128,Acid,True
beaded,C0991566,beaded,True
beam,C2347880,Beam,True
bean,C0004896,Bean,True
bear,C0004897,Bear,True
bears,C0004897,Bears,True
beaver,C1551707,Beaver,True
bed,C3159311,BED,True
bedding,C0004914,Bedding,True
before,C1705850,Before,True
begin,C0439659,Begin,True
beginning,C0439659,Beginning,True
behavior,C0004927,Behavior,True
behind,C0205095,Behind,True
bell - shaped,C0332479,shaped,True
below,C0542339,Below,True
below ge,C3538705,GE,True
below ge junction,C0205144,Junction,True
below it,C0677897,IT,True
below level,C0456079,Level,True
below optimal,C2698651,Optimal,True
below the field of view,C0449911,View,True
below the lower margin of the image,C1846009,IMAGE,True
below the margin of the image,C1846009,IMAGE,True
belt,C0452227,Belt,True
bend,C0011119,bend,True
bending,C0011119,bending,True
bends,C0011119,Bends,True
beneath,C0542339,Beneath,True
benefit,C0814225,Benefit,True
benign,C0205183,Benign,True
benign - appearing,C0205183,Benign,True
bent,C0205133,Bent,True
bent back,C1401842,bent; back,True
best,C0339510,Best,True
best visible,C0205379,Visible,True
better,C0332272,Better,True
better assessed,C1516048,Assessed,True
better defined,C3539106,Defined,True
better position,C0733755,Position,True
better seen,C0205397,seen,True
better visible,C0205379,Visible,True
better visualization,C2827662,Visualization,True
better visualized,C0234621,Visualized,True
between,C0205103,Between,True
between and late on,C0205087,Late,True
beyond,C4726539,Beyond,True
beyond film,C1704608,Film,True
beyond the field of view,C0449911,View,True
beyond the limits of the image,C1846009,IMAGE,True
beyond the lower margin of the image,C1846009,IMAGE,True
beyond this point,C1552961,Point,True
beyond view,C0449911,View,True
bezoar,C0005332,Bezoar,True
bi,C0005639,Bi,True
bi - apical,C0205111,Apical,True
bi - basal,C0205112,Basal,True
bi - basilar,C1184146,Basilar,True
bi - concave,C0521162,concave,True
bi - electrode,C0013812,Electrode,True
bi - v,C0439120,V,True
bi - ventricular,C0018827,Ventricular,True
biatrial,C0728997,Biatrial,True
bib,C0179296,bib,True
bibasilar - dominant,C1527180,Dominant,True
biceps,C0559499,Biceps,True
bicuspid,C1704302,Bicuspid,True
bifid,C0443152,Bifid,True
bifurcating,C0205383,bifurcating,True
bifurcation,C3146289,Bifurcation,True
bifurcations,C0184906,bifurcations,True
big,C0549177,Big,True
bigger,C1704243,Bigger,True
bilateral,C0238767,Bilateral,True
bilateral - fullness,C0439650,Fullness,True
bilateraly,C0238767,Bilateral,True
bile,C0005388,Bile,True
biliary,C0521378,Biliary,True
billroth,C0741496,billroth,True
bilobar,C0444465,Bilobar,True
bilobectomy,C0371451,Bilobectomy,True
binder,C0179302,Binder,True
biomarkers,C0005516,Biomarkers,True
bioprosthesis,C0005557,Bioprosthesis,True
bioprosthetic,C4697772,Bioprosthetic,True
biopsied,C0005558,biopsied,True
biopsies,C0005558,Biopsies,True
biopsy,C0220797,biopsy,True
biopsy - proven,C0456369,Proven,True
biopsy target,C1521840,Target,True
bipolar,C0443156,Bipolar,True
bisegmentectomy,C0024885,Segmental Mastectomy,True
bit,C1553019,Bit,True
biv,C0079031,BIV,True
biv - icd,C0020725,ICD,True
biventricular,C0699808,biventricular,True
bl,C0006413,BL,True
black,C1704739,Black,True
bladder,C0005682,Bladder,True
blade,C2700402,Blade,True
blanket,C0179330,Blanket,True
blast cells,C0368761,blast cells,True
bleb,C0005758,Bleb,True
blebbing,C4235041,blebbing,True
blebs,C0005758,Blebs,True
bleed,C0019080,bleed,True
bleeding,C0019080,Bleeding,True
bleedings,C0271412,Bleeding from ear,True
blend,C0678946,blend,True
blending,C0678946,blending,True
bleomycin,C0005740,Bleomycin,True
blind,C0456909,Blind,True
bloating,C1291077,bloating,True
bloc,C1516835,En Bloc,True
block,C0028778,Block,True
blood,C0229664,Blood,True
blood collection,C0600644,Collection,True
blood flow,C0005775,Blood Flow,True
blood loss,C0019080,Blood loss,True
blood product,C0456388,Blood Product,True
blood products,C0456388,blood products,True
blood vessels,C0005847,Blood Vessels,True
blood volume,C0005850,Blood volume,True
bloody,C4554530,Bloody,True
blunt,C4284463,Blunt,True
blunted,C1997138,Blunted,True
bmt,C0005961,bmt,True
board,C1948070,Board,True
bochdalek,C0265700,Congenital hernia of foramen of Bochdalek,True
bochdalek ' s,C0439118,S,True
bochdalek ' s type,C0332307,Type,True
bodies,C0242821,bodies,True
body,C0444584,Body,True
body level,C0456079,Level,True
bold,C1655730,BOLD,True
bolus,C1186706,Bolus,True
bone,C0262950,Bone,True
bone - island,C0265512,Bone island,True
bone - on - bone,C0262950,Bone,True
bone island,C0265512,Bone island,True
bones,C0262950,Bones,True
bony,C0443157,Bony,True
border,C1522411,Border,True
border - likely,C0332148,likely,True
borderline,C0205189,Borderline,True
borderline - enlarged,C1293134,Enlarged,True
borderline - low,C5203106,Low,True
borderline - sized,C0205189,Borderline,True
bore,C2945608,Bore,True
bore r subclavian,C0589488,Subclavian,True
both,C1706086,Both,True
both end,C2746065,End,True
both extent,C0439792,Extent,True
both flanks,C0230171,flanks,True
both sides,C0238767,Both sides,True
bottle,C0179376,Bottle,True
bottle - like,C0870814,Like,True
bottle - type,C0332307,Type,True
bottle shape,C0522512,Shape,True
bottom,C1511276,Bottom,True
bottom 1,C0227032,1,True
bottom most edge,C0205154,Edge,True
bottom of the image,C1846009,IMAGE,True
bowel,C0021853,Bowel,True
bowel - containing,C0332256,Containing,True
bowel - gas,C0596601,Gas,True
bowels,C0021853,bowels,True
bowing,C0544755,Bowing,True
box,C1533124,Box,True
boxes,C1638312,Boxes,True
bp,C1708288,BP,True
bps,C2740858,BPS,True
bra,C0006104,BRA,True
brace,C0006086,Brace,True
bracheocephalic - svc,C0231957,svc,True
bracheocephalic - svc junction,C0205144,Junction,True
brachial,C0445456,brachial,True
brachiocephalic,C0006095,Structure of brachiocephalic vein,True
brachiocephalic - superior,C1282910,Superior,True
brachiocephalic - svc,C0231957,svc,True
brachycephalic,C2230181,brachycephalic,True
brachytherapy,C0006098,Brachytherapy,True
brackets,C0179407,brackets,True
brain,C0006104,Brain,True
branch,C1881507,Branch,True
branch ending,C2746065,Ending,True
branching,C0205384,Branching,True
bravo,C0443160,Bravo,True
breakthrough,C0444503,Breakthrough,True
breast,C0006141,Breast,True
breast tissue,C1521747,Breast Tissue,True
breasts,C0006141,Breasts,True
breath,C0225386,Breath,True
breathing,C2015926,breathing,True
bridge,C0456378,Bridge,True
bright,C0423899,Bright,True
broad,C0332464,Broad,True
broad - based,C1527178,Based,True
broken,C5547829,Broken,True
broken off,C1518543,Off,True
bronchi,C0006255,Bronchi,True
bronchial,C0205039,Bronchial,True
bronchiectases,C0006267,Bronchiectases,True
bronchiectasis,C0006267,Bronchiectasis,True
bronchiolar,C0006270,Bronchiolar,True
bronchiole,C0006270,Bronchiole,True
bronchiolectasis,C0264372,Bronchiolectasis,True
bronchioles,C0006270,Bronchioles,True
bronchiolitic,C0006271,Bronchiolitis,True
bronchiolitis,C0006271,Bronchiolitis,True
bronchioloalveolar,C1535502,Bronchoalveolar Lavage,True
bronchitis,C0006277,Bronchitis,True
broncho,C0684092,bronch(o)-,True
broncho - vascular,C0005847,Vascular,True
bronchocentric,C5539830,Bronchocentric,True
bronchoconcentric,C5539830,Bronchocentric,True
bronchogram,C0006282,Bronchogram,True
bronchograms,C0006282,bronchograms,True
broncholith,C0221367,Broncholith,True
bronchomalacia,C0264353,Bronchomalacia,True
bronchopleural,C0450194,Bronchopleural,True
bronchopneumonia,C0006285,Bronchopneumonia,True
bronchopneumonic,C0006285,Bronchopneumonia,True
bronchopulmonary,C1305372,Hilar lymph node,True
bronchoscopic,C0442419,bronchoscopic,True
bronchoscopy,C0006290,Bronchoscopy,True
bronchospasm,C0006266,Bronchospasm,True
bronchostenosis,C0151536,Bronchostenosis,True
bronchus,C0006255,Bronchus,True
broviac,C1550225,Broviac,True
bruising,C0009938,Bruising,True
brush,C0179445,Brush,True
brushing,C0443165,Brushing,True
bse,C0085209,BSE,True
btl,C3273398,BTL,True
bubble - like,C0870814,Like,True
buckle,C0542562,Buckle,True
buckling,C0231748,Buckling,True
budd - chiari,C0856761,Budd-Chiari,True
bulb,C1449865,Bulb,True
bulge,C0038999,Bulge,True
bulging,C0038999,Bulging,True
bulk,C1337615,Bulk,True
bulla,C0005758,Bulla,True
bullae,C0005758,Bullae,True
bullas,C1089133,bullas,True
bullet,C0336699,Bullet,True
bullet - shaped,C6007140,Bullet shaped,True
bullets,C0336699,bullets,True
bullous,C0205405,Bullous,True
bump,C5380511,B-bump,True
bundle,C1704398,Immature Bone,True
bundles,C3658308,Patient Care Bundles,True
bur fracture,C0016658,Fracture,True
burden,C2828008,Burden,True
bursa,C0006441,Bursa,True
bursae,C0006441,BURSAE,True
bursal,C0521340,bursal,True
bursitis,C0006444,Bursitis,True
burst,C0439818,burst,True
but,C0233535,but,True
butterfly,C0006496,Butterfly,True
button,C0453985,Button,True
buttons,C0453985,Buttons,True
by,C4761448,BY,True
by about %,C0332232,About,True
by patient rotation,C3669037,Rotation,True
by several centimeters,C0475210,centimeters,True
bypass,C0813207,Bypass,True
c,C0227087,C,True
c - loop,C0445022,Loop,True
c - section,C0007876,C-Section,True
c - shaped,C4697948,C-shaped,True
c - spine,C0728985,C Spine,True
c / w,C0439121,W,True
c / w - hazy,C0205406,Hazy,True
c1,C1305856,C1,True
c1 - c2,C1305857,C2,True
c2,C1305857,C2,True
c2 - t2,C0475373,T2,True
c3,C1305853,C3,True
c3 - c4,C1305858,C4,True
c3 - c5 level,C0446415,C5 level,True
c3 level,C0446413,C3 level,True
c4,C1305858,C4,True
c5,C1305859,C5,True
c6,C1305860,C6,True
c6 - 7,C1828371,7,True
c6 - t1,C0475372,T1,True
c6 / 7,C1828371,7,True
c7,C1305861,C7,True
c7 - t1,C1179687,T1,True
c7 - t1 level,C0446419,T1 level,True
ca,C0050385,CA,True
ca junction,C0205144,Junction,True
cabg,C0010055,CABG,True
cable,C0492124,Cable,True
cables,C1428446,CABLES,True
cad,C0010068,cad,True
cage,C0337189,Cage,True
calcific,C1533591,CALCIFIC,True
calcification,C0006663,Calcification,True
calcificationis,C0006660,Physiologic calcification,True
calcifications,C2242558,Calcifications,True
calcified,C0175895,Calcified,True
calcified lesion,C0221198,Lesion,True
calcinosis,C0006663,Calcinosis,True
calcium,C0006675,Calcium,True
calculi,C0006736,Calculi,True
calculus,C0006736,Calculus,True
calf,C0230445,calf,True
caliber,C1301886,Caliber,True
call,C1720420,Call,True
callous,C0376154,callous,True
callous formation,C0439634,formation,True
callus,C0376154,Callus,True
callus formation,C3811681,callus formation,True
calluses,C3841385,Calluses,True
can,C1704712,Can,True
can ' t,C0227099,T,True
canal,C1550227,Canal,True
canalization,C0333326,Canalization,True
cancer,C0006826,Cancer,True
cannot be accurately assess,C1516048,Assess,True
cannot be accurately assessed,C1516048,Assessed,True
cannot be acurately assessed,C1516048,Assessed,True
cannot be adequately assessed,C1516048,Assessed,True
cannot be assessed,C1707258,Cannot be assessed,True
cannot be clearly assessed,C1516048,Assessed,True
cannot be compared,C1707455,Compared,True
cannot be defined,C3539106,Defined,True
cannot be definitively assessed,C1516048,Assessed,True
cannot be delineated,C4684445,Delineated,True
cannot be evaluated,C0220825,Evaluated,True
cannot be exactly identified,C1550043,Identified,True
cannot be exactly visualized,C0234621,Visualized,True
cannot be fully assessed,C1516048,Assessed,True
cannot be further assessed,C1516048,Assessed,True
cannot be properly assessed,C1516048,Assessed,True
cannot be readily assessed,C1516048,Assessed,True
cannot be reliably assessed,C1516048,Assessed,True
cannot be seen,C0205397,seen,True
cannot be well assessed,C1516048,Assessed,True
cannula,C0520453,Cannula,True
cannulas,C0520453,cannulas,True
cannulation,C0917707,Cannulation,True
canthus,C0229245,Canthus,True
cap,C0179586,Cap,True
capacity,C1516240,Capacity,True
capillaritis,C0006902,Capillaritis,True
capillary,C0006901,Capillary,True
capping,C0302167,capping,True
caps,C2316212,CAPS,True
capsular,C0205151,Capsular,True
capsule,C4319574,Capsule,True
carcinoid,C0007095,Carcinoid,True
carcinoma,C0007097,Carcinoma,True
carcinomas,C0007097,Carcinomas,True
carcinomatosis,C0205699,Carcinomatosis,True
cardia,C0007144,Cardia,True
cardiac,C0018787,Cardiac,True
cardiac - related,C0445223,Related,True
cardio,C0018787,cardi(o)-,True
cardio - conversion,C0439836,Conversion,True
cardio - diaphragmatic,C0011980,Diaphragmatic,True
cardio - mediastinal,C0025066,Mediastinal,True
cardio - mediastinum,C0025066,Mediastinum,True
cardio - pulm,C0553534,CARDIO-PULM,True
cardio - pulmonary,C0553534,Cardio-pulmonary,True
cardio mediastinal,C0025066,Mediastinal,True
cardio mediastinum,C0025066,Mediastinum,True
cardiomegally,C0018800,Cardiomegaly,True
cardiomegaly,C0018800,Cardiomegaly,True
cardiomegaly - moderate,C0018800,Cardiomegaly,True
cardiomyopathy,C0878544,Cardiomyopathy,True
cardiopulmonar,C0553534,Cardiopulmonary,True
cardiopulmonary,C0553534,Cardiopulmonary,True
cardiopulmoonary,C0553534,Cardiopulmonary,True
cardiothoracic,C4055270,Cardiothoracic,True
cardiovascular,C0007226,Cardiovascular,True
care,C0580931,care,True
carina,C0225594,Carina,True
carotid,C0007272,carotid,True
carotids,C0007272,carotids,True
carries,C0699809,Carries,True
cart,C0179636,Cart,True
cartilage,C0007301,Cartilage,True
cartilages,C0007301,Cartilages,True
cartilaginous,C0007301,Cartilaginous,True
case,C0868928,Case,True
cases,C0868928,Cases,True
cassette,C0450240,Cassette,True
cast,C0179686,Cast,True
catheter,C0085590,Catheter,True
catheter - like,C0870814,Like,True
catheter - related,C0445223,Related,True
catheterization,C0007430,Catheterization,True
catheters,C0085590,Catheters,True
caudal,C0205097,Caudal,True
caudal direction,C0700158,Direction,True
caught on end,C2746065,End,True
cause,C1524003,Cause,True
causes,C0015127,causes,True
causing,C0678227,Causing,True
cav - atrial,C0018792,Atrial,True
cava,C1413046,CAVA,True
caval - atrial,C0018792,Atrial,True
caval - atrial junction,C0205144,Junction,True
cavernous,C0205201,Cavernous,True
cavitary lesion,C0221198,Lesion,True
cavitate,C2700618,Cavitate,True
cavitated,C1510420,Cavitated,True
cavitating,C2700618,Cavitating,True
cavitation,C1510420,Cavitation,True
cavitations,C1510420,Cavitation,True
cavities,C0333343,Cavities,True
cavity,C0333343,Cavity,True
cavity space,C1883067,Space,True
cavo - atrial,C0018792,Atrial,True
cavo - atrial junction,C0205144,Junction,True
cavo - brachiocephalic,C0006095,Structure of brachiocephalic vein,True
cavoatrial jctn,C5235415,JCTN,True
cavoatrial junction,C0205144,Junction,True
cavoatrial kx,C4552882,KX,True
cavoatrical junction,C0205144,Junction,True
cbd,C0006863,CBD,True
cc,C0439242,cc,True
ccd,C0008928,CCD,True
ccu,C0010066,CCU,True
ccu admission,C0809949,Admission,True
ccy clips,C0175722,Clips,True
cecal,C0007531,Cecal,True
ced,C0011989,CED,True
cell,C0007634,Cell,True
cells,C0007634,Cells,True
cellular,C0007634,Cellular,True
cellulitis,C0007642,Cellulitis,True
cement,C5575039,Cement,True
cementoplasty,C2938992,Cementoplasty,True
center,C0205099,Center,True
centered,C0205099,centered,True
centering,C0935444,centering,True
centers,C0205099,centers,True
centesis,C0034115,Centesis,True
centimeter,C0475210,Centimeter,True
centimeter - size,C0456389,Size,True
centimeter - sized,C0475210,centimeter,True
centimeters,C0475210,centimeters,True
central,C1879652,Central -,True
central catheter,C0085590,Catheter,True
central line,C1145640,Central line,True
central location,C0205099,central location,True
central venous,C0444466,central venous,True
central vessels,C0005847,vessels,True
centralized,C0680827,Centralized,True
centrally - distributed,C1704711,Distributed,True
centrally - predominant,C1542147,Predominant,True
centrilobular,C0442080,Centrilobular,True
cephalad,C0205096,Cephalad,True
cephalad direction,C0700158,Direction,True
cephalad towards,C3875150,Towards,True
cephalic,C0205096,Cephalic,True
cerclage,C1411943,cerclage,True
cerebellar,C0007765,Cerebellar,True
cerebral,C0228174,Cerebral,True
cerebral - abdominal,C0000726,abdominal,True
cerebrovascular,C1880018,Cerebrovascular,True
certain,C0205423,Certain,True
certainty,C0205423,Certainty,True
cervical,C0027530,Cervical,True
cervicothoracic,C0450195,Cervicothoracic,True
cf,C0010674,CF,True
ch,C0010308,CH,True
chain,C0337112,Chain,True
chain sutures,C0038969,Sutures,True
chains,C0337112,chains,True
chair,C0179847,Chair,True
chamber,C0935616,Chamber,True
chambers,C0179874,Chambers,True
chance,C0237506,Chance,True
change,C0392747,Change,True
change in position,C0733755,Position,True
changed,C0443172,Changed,True
changed in position,C0733755,Position,True
changes,C0392747,changes,True
changing,C0392747,Changing,True
channel,C1706095,Channel,True
character,C0007952,Character,True
characteristic,C1521970,Characteristic,True
characteristics,C1521970,Characteristics,True
characterization,C1880022,Characterization,True
characterized,C1880022,Characterized,True
chart,C0684240,Chart,True
check,C1283174,Check,True
check - in fluid,C0444611,Fluid,True
chemical,C0220806,Chemical,True
chemo,C3665472,Chemo,True
chemoembolization,C0796679,Chemoembolization,True
chemoradiation,C0436307,Chemoradiation,True
chemoradiotherapy,C0436307,Chemoradiotherapy,True
chemotherapy,C0013216,Chemotherapy,True
chest,C0817096,Chest,True
chest - wall,C0205076,Chest wall,True
chest cage,C0337189,Cage,True
chest cta from,C3540513,CTA,True
chest drainage,C2926602,Drainage,True
chest wall,C0205076,Chest wall,True
chest walls,C0677535,Walls,True
chest x - ray,C0039985,Chest X-ray,True
chf,C0018802,CHF,True
chicken,C0008051,Chicken,True
chiladiti ' s,C0439118,S,True
childhood,C0231335,Childhood,True
chills,C0085593,Chills,True
chin,C0008114,Chin,True
chin - tuck,C0185026,tuck,True
chin down,C4068930,Chin down,True
chin flexion,C0231452,Flexion,True
chin of the patient,C0030705,Patient,True
chin position,C0733755,Position,True
chin up,C4068929,Chin up,True
chipped tooth,C0040441,Chipped tooth,True
chlamydia,C0008148,Chlamydia,True
cholangiocarcinoma,C0206698,Cholangiocarcinoma,True
cholangitis,C0008311,Cholangitis,True
cholecystectomy,C0008320,Cholecystectomy,True
cholecystectomy clips,C0175722,Clips,True
cholecystitis,C0008325,Cholecystitis,True
cholecystostomy,C0008339,Cholecystostomy,True
choledochostomy,C0008346,Choledochostomy,True
cholelithiasis,C0008350,Cholelithiasis,True
chondral,C0442012,chondral,True
chondrocalcinosis,C0553730,Chondrocalcinosis,True
chondrosarcoma,C0008479,Chondrosarcoma,True
chondrosis,C1261982,Chondrosis,True
choriocarcinoma,C0008497,Choriocarcinoma,True
choroid,C0008520,Choroid,True
chronic,C0205191,Chronic,True
chronic - appearing,C0205191,chronic,True
chronic component,C0449432,Component,True
chronic cough,C0010201,Chronic cough,True
chronic deformity,C0302142,Deformity,True
chronic feature,C1514562,Feature,True
chronic findings,C2607943,findings,True
chronically,C0008715,Chronically Ill,True
chronicity,C0547045,Chronicity,True
chst,C3899691,ChST,True
churg - flare,C3540542,Flare,True
churg - syndrome,C0039082,Syndrome,True
chylothorax,C0008733,Chylothorax,True
chylous,C0443174,Chylous,True
cicatrices,C2004491,Cicatrices,True
cicatricial,C0205192,Cicatricial,True
cicatrization,C0008767,Cicatrization,True
cigarette,C1704760,Cigarette,True
circle,C1282913,Circle,True
circular,C1282913,Circular,True
circulating,C0175630,Circulating,True
circulation,C0005775,Circulation,True
circulations,C0005775,circulations,True
circumference,C0332520,Circumference,True
circumferential,C0332520,Circumferential,True
circumferentially,C0205113,Circumferential,True
circumflex,C1880089,Circumflex,True
circumscribed,C1282914,Circumscribed,True
cirrhosis,C0023890,Cirrhosis,True
cirrhotic,C0439686,Cirrhotic,True
cisterna,C1166837,Cavity of endoplasmic reticulum cistern,True
clamp,C0175721,Clamp,True
clamping,C1444194,Clamping,True
clamps,C0175721,Clamps,True
clarification,C2986669,Clarification,True
clarify,C2986669,Clarify,True
clarity,C0486588,Clarity,True
class,C1705943,Class,True
classic,C0439658,Classic,True
clavicle,C0008913,Clavicle,True
clavicles,C0008913,Clavicles,True
clavicula,C0008913,Clavicula,True
clavicular,C0008913,Clavicular,True
clean,C1947930,Clean,True
clear,C5966217,Clear,True
clear - cut,C0000925,Cut,True
clear space,C1883067,Space,True
clearance,C0449297,Clearance,True
cleared,C0521097,cleared,True
clearing,C1550003,Clearing,True
clearly visible,C0205379,Visible,True
clearly visualized,C0234621,Visualized,True
clera,C3273909,Clera,True
climb,C0561942,climb,True
clinical,C0205210,Clinical,True
clip,C1704793,CLIP,True
clipping,C0185010,Clipping,True
clips,C0175722,Clips,True
cll,C0023434,CLL,True
clockwise,C3831073,Clockwise,True
close,C0587267,Close,True
closed,C0587267,Closed,True
closure,C0185003,Closure,True
closures,C0185003,CLOSURES,True
clot,C0302148,Clot,True
clothes,C0009072,Clothes,True
clothing,C0009072,Clothing,True
clots,C0302148,clots,True
clotted,C0460105,Clotted,True
clotting,C0005779,CLOTTING,True
cluster,C1555715,Cluster,True
clustered,C0332227,Fine clustered,True
clusters,C0017258,Gene Clusters,True
cm size,C0456389,Size,True
cmg,C1413128,CMG,True
cmv,C0010823,CMV,True
co,C5551158,CO,True
co - existent,C0007018,carbon monoxide,True
co - existing,C0007018,carbon monoxide,True
co2,C0860710,CO2,True
coagulation,C0427579,Coagulation,True
coagulopathy,C0005779,Coagulopathy,True
coalesce,C4727092,Coalesce,True
coalition,C0680207,coalition,True
coarctation,C0332886,Coarctation,True
coarse,C0205194,Coarse,True
coated,C1522408,Coated,True
cocaine,C0009170,Cocaine,True
cocaine - related,C0445223,Related,True
coccidioidomycosis,C0009186,Coccidioidomycosis,True
coherent,C4068804,Coherent,True
coil,C1705946,Coil,True
coil back,C0205095,Back,True
coil shaped,C0332479,shaped,True
coiled,C0444764,coiled,True
coiled back,C0205095,Back,True
coiled back up,C0547043,Up,True
coiling,C0444764,coiling,True
coiling back,C0205095,Back,True
coiling back up,C0547043,Up,True
coils,C0444764,Coils,True
coils back,C0205095,Back,True
coin,C0524669,Coin,True
cold,C0009443,Cold,True
colectomy,C0009274,Colectomy,True
colic,C0232488,Colic,True
colitis,C0009319,Colitis,True
collapse,C0344329,Collapse,True
collapsed,C0344329,collapsed,True
collapses,C0332521,Collapses,True
collapsing,C0344329,collapsing,True
collar,C0175751,Collar,True
collateral,C1275670,Collateral,True
collaterals,C1275670,Collateral branch of vessel,True
collected,C1516698,Collected,True
collecting,C1516698,Collecting,True
collecting system,C4318427,System,True
collecting systems,C0449913,Systems,True
collection,C0600644,Collection,True
collections,C0600644,Collections (publication),True
colocolonic,C0009368,Colon structure (body structure),True
colon,C0009368,Colon,True
colonic,C0009368,Colonic,True
colonization,C4289767,Colonization,True
colonoscopy,C0009378,Colonoscopy,True
color,C1705245,Color,True
colorectal,C0555952,Colorectal,True
colostomy,C0481493,colostomy,True
column,C1706132,Column,True
com,C0206008,CoM,True
combination,C3811910,Combination,True
combination of above,C1282910,Above,True
combination of the above,C1282910,Above,True
combinations,C0453882,Combinations,True
combine,C0336789,Combine,True
combined,C0205195,Combined,True
combines,C0336789,combines,True
coming back up,C0547043,Up,True
comma - shaped,C0332479,shaped,True
comment,C0282411,Comment,True
comminute,C0476171,Comminuted Fracture type,True
comminuted,C0476171,Comminuted,True
common,C0205214,Common,True
communicate,C0566001,communicate,True
communicates,C0566001,Communicates,True
communicating,C0205196,Communicating,True
communication,C0009452,Communication,True
community,C0009462,Community,True
community - acquired,C0456394,Community acquired,True
commuted,C0009487,commuted,True
comorbidities,C0009488,comorbidities,True
compact,C1333134,Compact,True
companion,C0335343,Companion,True
company,C0683757,Company,True
compared,C1707455,Compared,True
compared to old,C0580836,Old,True
comparison,C1707455,Comparison,True
compartment,C1185625,Compartment,True
compartments,C1185625,compartments,True
compatible,C1524057,Compatible,True
compensation,C0152057,Compensation,True
compensatory,C0231186,compensatory,True
complaints,C5441521,complaints,True
complete,C1706059,Complete,True
complete opacification,C0449584,Opacification,True
completely,C4554154,Completely,True
completely assessed,C1516048,Assessed,True
completely evaluated,C0220825,Evaluated,True
completely resolved,C5419890,Completely Resolved,True
completion,C0205197,Completion,True
complex,C1704241,Complex,True
compliance,C4054143,Compliance,True
complicated,C0231242,Complicated,True
complicating,C1522701,Complicating,True
complication,C0009566,Complication,True
complications,C0009566,Complications,True
component,C0449432,Component,True
components,C0449432,components,True
composite,C0205199,Composite,True
composition,C0486616,Composition,True
compound,C1706082,Compound,True
comprehensive,C1880156,Comprehensive,True
compress,C0180053,Compress,True
compressed,C5782431,Compressed,True
compresses,C0180053,Compresses,True
compressing,C0332260,Compressing,True
compression,C0332459,Compression,True
compression - type,C0332307,Type,True
compression deformity,C0302142,Deformity,True
compressions,C0332459,compressions,True
compromise,C2945640,compromise,True
compromised,C5978200,Compromised,True
compromises,C2945640,compromises,True
conal,C1737822,Conal,True
concave,C0521162,concave,True
conceal,C0443189,conceal,True
concealed,C0443189,Concealed,True
concealing,C0443189,concealing,True
concentration,C0086045,Concentration,True
concern,C2699424,Concern,True
concerns,C3641842,No Concerns,True
conclusion,C1707478,Conclusion,True
conclusive,C2828146,Conclusive,True
concomitant,C0521115,Concomitant,True
concurrent,C0205420,Concurrent,True
condition,C0012634,Condition,True
conducting,C0004927,conducting,True
conduction,C0457405,Conduction,True
conduit,C0441247,Conduit,True
configuration,C0449830,Configuration,True
configurations,C0449830,configurations,True
confirmation,C0750484,Confirmation,True
confirmatory,C0750484,Confirmatory,True
confirmed,C0750484,Confirmed,True
confirms,C0750484,confirms,True
confluence of shadows,C0332554,shadows,True
confluent,C0205200,Confluent,True
confounding factor,C2827422,Factor,True
confused,C0683369,Confused,True
confusion,C0683369,Confusion,True
congenital,C1744681,Congenital,True
congested,C1533708,Congested,True
congestion,C0700148,Congestion,True
congestiona,C0700148,Congestion,True
congestions,C0700148,Congestions,True
congestive,C0742742,Congestive,True
congestive failure,C0231174,Failure,True
conglomerate,C0680940,conglomerate,True
conglomerates,C0680940,conglomerate,True
congruent,C0439853,Congruent,True
connect,C2986575,Connect,True
connection,C0449379,Connection,True
connections,C0449379,connections,True
connective tissue,C0009780,Connective tissue,True
connector,C1706212,Connector,True
consecutive,C1707491,Consecutive,True
consequence,C0686907,Consequence,True
consequences,C0686907,consequences,True
consequent,C3845876,Consequent,True
consider,C0750591,consider,True
consistency,C0332529,Consistency,True
consistent,C0332290,Consistent,True
consolidatation,C0521530,Lung consolidation,True
consolidate,C0702117,consolidate,True
consolidated,C0702117,consolidated,True
consolidati,C0521530,Lung consolidation,True
consolidating,C0702117,consolidating,True
consolidatino,C0702117,consolidated,True
consolidatio,C0521530,Lung consolidation,True
consolidation,C0521530,Consolidation,True
consolidation - atelectasis,C0004144,Atelectasis,True
consolidations,C0521530,Lung consolidation,True
constant,C1720529,Constant,True
constant in extent,C0439792,Extent,True
constant position,C0733755,Position,True
constantly,C1948059,Constantly,True
constipation,C0009806,Constipation,True
constituents,C0729650,constituents,True
constitutional,C1511487,Constitutional,True
constraint,C0443288,Constraint,True
constriction,C1261287,Constriction,True
construct,C0012931,Construct,True
consult,C0009818,Consult,True
consultation,C0009818,Consultation,True
consultations,C0009818,Consultations,True
contact,C0337611,Contact,True
contained,C2700400,Contained,True
containing,C0332256,Containing,True
contains,C2700400,Contains,True
contamination,C0259846,contamination,True
content,C0423896,Content,True
contents,C0456205,Contents,True
contiguous,C0205283,Contiguous,True
continual,C0549178,Continual,True
continuation,C4287894,Pharmacotherapy Continuation,True
continue,C0549178,Continue,True
continued,C0549178,Continued,True
continuing,C0549178,Continuing,True
continuity,C0595960,Continuity,True
continuous,C0549178,Continuous,True
continuously,C0549178,Continuously,True
contour,C0876954,Contour,True
contoured,C0302821,contoured,True
contourour,C0302821,Contour Alloy,True
contours,C0876954,Contours,True
contracted,C1140999,Contracted,True
contraction,C1140999,contraction,True
contractions,C1140999,contractions,True
contralateral,C0441988,Contralateral,True
contralateral side,C0441987,Side,True
contralaterally,C0441988,Contralateral,True
contrast,C0009924,Contrast,True
contrast agent,C0009924,Contrast Agent,True
contrast an agent,C0009924,Contrast Agent,True
contrasted,C0449900,contrasted,True
contribute,C1880177,Contribute,True
contributing,C1880177,Contributing,True
contribution,C1880177,Contribution,True
contributory,C1880177,Contributory,True
control,C2587213,Control,True
controller,C0180112,Controller,True
contusion,C0009938,Contusion,True
contusions,C0009938,Contusions,True
conus,C0149601,conus,True
conventional,C0439858,Conventional,True
conventional position,C0733755,Position,True
converge,C2700387,Converge,True
converging,C2700387,Converging,True
conversion,C0439836,Conversion,True
convex,C0521163,convex,True
convoluted,C0205401,Convoluted,True
convolution,C1880179,Convolution,True
cool extremities,C0015385,Extremities,True
cooling,C0678568,cooling,True
cop,C0242770,COP,True
copd,C0024117,COPD,True
copd - related,C0445223,Related,True
copy,C1948062,Copy,True
cor,C0682388,COR,True
coracoacromial,C4239643,Coracoacromial Arch,True
coracoid,C3686718,Coracoid,True
coral,C1550236,Coral,True
cord,C1550235,Cord,True
cord shin,C0230444,Shin,True
cordis sheath,C0009653,Sheath,True
core,C1706352,Core,True
core - valve,C1186983,valve,True
corkscrew,C0700362,CORKSCREW,True
corn,C1138842,Corn,True
corner,C1879655,Corner -,True
corona,C3053990,Corona,True
coronal,C0205123,Coronal,True
coronal plane,C4551585,Coronal Plane,True
coronary,C0018787,coronary,True
corpus,C0227813,Corpus,True
correct,C2349182,Correct,True
correct course,C0750729,Course,True
correct position,C0733755,Position,True
corrected,C0205202,Corrected,True
correction,C1947976,Correction,True
corrective,C0719519,corrective,True
correctly placed,C1533810,Placed,True
correlation,C1707520,Correlation,True
correlative,C1511524,Correlative,True
correspondence,C0282413,Correspondence,True
cortex,C0007776,Cortex,True
cortical,C0001613,Cortical,True
cost,C0010186,Cost,True
costal,C0035561,Costal,True
costo - chondral,C0442012,chondral,True
costo - diaphragmatic,C0011980,Diaphragmatic,True
costo - vertebral,C0549207,Vertebral,True
costochondral,C4021587,Costochondral pain,True
costochondral junction,C0224683,Costochondral junction,True
costochondritis,C5779793,Costochondritis,True
costodiaphragmatic,C0230151,Costophrenic angle,True
costophernic angle,C0205143,Angle,True
costovertebral,C0224681,Costovertebral joint structure,True
costovertebral junction,C0205144,Junction,True
costovertebral place,C1704765,Place,True
cough,C0010200,Cough,True
coughing,C0010200,Coughing,True
count,C1705566,Count,True
counterclockwise,C3830994,Counterclockwise,True
counts,C0439157,counts,True
couple,C1948027,Couple,True
couple of centimeters,C0475210,centimeters,True
course,C0750729,Course,True
course like prior,C0332152,Prior,True
course posterior,C0205095,Posterior,True
courses,C0750729,Courses,True
coursing at axial the view,C0449911,View,True
coursing through,C0332273,Through,True
cover,C3888055,Cover,True
coverage,C1999244,Coverage,True
covered,C0439844,Covered,True
covering,C0180153,covering,True
covers,C0180153,Covers,True
covers well,C5575035,Well,True
cp,C0439514,cP,True
cp angle,C0205143,Angle,True
cpa,C0200269,CPA,True
cpr,C4050019,cPR,True
cr,C4553336,CR,True
crack,C0040441,Crack,True
crackles,C0034642,Crackles,True
crania,C1690093,Crania,True
craniad,C0205096,Craniad,True
cranial,C0037303,Cranial,True
craniectomy,C0195897,Craniectomy,True
craniocaudal,C5670244,Craniocaudal Plane,True
craniotomy,C0010280,Craniotomy,True
cranium,C0037303,Cranium,True
creatinine,C0010294,Creatinine,True
creation,C0441513,Creation,True
crescent,C0444628,crescent,True
crescent - shaped,C0332479,shaped,True
crescents,C0444628,Crescents,True
crest,C0206138,crest,True
cribriform,C1621425,Cribriform,True
cricopharyngeus,C0224214,Cricopharyngeus,True
crisis,C0231224,Crisis,True
critical,C1551396,Critical,True
cross,C2936910,Cross,True
cross - sectional,C0205155,Sectional,True
cross the lower margin of the image,C1846009,IMAGE,True
crossed,C0205203,Crossed,True
crosses the lower margin of the image,C1846009,IMAGE,True
crossover,C0150097,Cross-Over Studies,True
crowd,C0010383,crowd,True
crowded,C0010383,crowded,True
crowding,C0040433,Crowding,True
crowds,C0010383,Crowds,True
crown,C1185616,CROWN,True
crt - d,C3843456,D,True
crural ' s,C0439118,S,True
crus,C1140621,Crus,True
crutches,C0010397,Crutches,True
cryo debridement,C0011079,Debridement,True
cryptococcal,C0010415,Cryptococcal,True
cryptococcosis,C0010414,Cryptococcosis,True
cryptogenic,C0332240,Cryptogenic,True
csf,C0009392,CSF,True
ct,C1705783,CT,True
ct - guided,C0009778,Connecticut,True
ct c - spine,C0037949,Spine,True
cta,C3540513,CTA,True
cubitus,C1550243,Cubitus,True
cuff,C3668885,Cuff,True
cuff repair,C1705181,Repair,True
cuff tear,C0043246,Tear,True
cuffing,C3668885,Cuffing,True
cuffs,C0441107,Cuffs,True
cup,C0220647,CUP,True
curl,C0887883,CURL,True
curl up,C0547043,Up,True
curled,C5447266,Curled,True
curled up,C0547043,Up,True
curling,C0010474,Curling,True
curling back,C0205095,Back,True
curling up,C0547043,Up,True
curls back,C0205095,Back,True
curls up,C0547043,Up,True
curly,C5447266,Curly,True
current,C0521116,Current,True
curvature,C0037932,Curvature of spine,True
curve,C0205134,Curve,True
curved,C0205134,Curved,True
curved back,C0205095,Back,True
curved up,C0547043,Up,True
curving,C0205134,curving,True
cut,C0000925,Cut,True
cut - off,C1518543,Off,True
cut off,C1518543,Off,True
cutaneous,C4521174,Cutaneous,True
cutoff,C1442160,Cutoff,True
cv,C0280551,CV,True
cva,C5779650,CVA,True
cvc,C0725449,CVC,True
cvl,C2349087,CVL,True
cvp,C0056633,CVP,True
cxr,C0039985,CXR,True
cyberknife,C1300683,CyberKnife,True
cycle,C1511572,Cycle,True
cycling,C0005377,Cycling,True
cylinder,C4319645,Cylinder,True
cylindrical,C0205114,Cylindrical,True
cyst,C0010709,Cyst,True
cyst - like,C0870814,Like,True
cystic,C0205207,Cystic,True
cysticercosis,C0010678,Cysticercosis,True
cystogastrostomy,C0448973,Cystogastrostomy,True
cysts,C0010709,Cysts,True
d,C3843456,D,True
d1,C3889128,D1,True
d12,C1857683,D12,True
d3,C0008318,D3,True
da,C0678223,Da,True
daily,C0332173,Daily,True
damage,C0010957,Damage,True
danger,C1428845,DANGER,True
dap up to 5,C5203119,5,True
date,C0011008,Date,True
dated,C0011008,Dated,True
dating,C0237553,dating,True
day,C0439505,/day,True
day - to - day,C4699297,Day-to-day,True
day to day,C4699297,Day-to-day,True
days,C0439228,days,True
dbs,C1857277,DBS,True
dcr,C1860786,DCR,True
ddx,C0011038,DDX,True
de,C4761468,DE,True
dear,C4320303,DEAR,True
debridement,C0011079,Debridement,True
debris,C0440266,Debris,True
debris - filled,C1708059,Filled,True
debulking,C1706406,Debulking,True
dec,C1705310,DEC,True
dec ' d,C3843456,D,True
decidual,C0011106,Decidual,True
decompensated,C0205434,Decompensated,True
decompensating,C0205434,decompensating,True
decompensation,C0231187,Decompensation,True
decompression,C0011117,Decompression,True
decortication,C2678502,Decortication,True
decrease,C0392756,Decrease,True
decrease in extent,C0439792,Extent,True
decreased,C0392756,Decreased,True
decreased from,C0392756,Decreased,True
decreased kyphosis,C0022821,Kyphosis,True
decreases,C0442797,Decreases,True
decreasing,C0442797,Decreasing,True
decubitus,C4554531,Decubitus,True
decubitus positioning,C0733755,Positioning,True
deep,C0205125,Deep,True
deeply,C3843505,Deeply,True
defect,C1861101,DEFECT,True
defects,C0243067,defects,True
defibrilator,C0180307,Defibrillators,True
defibrillating,C0597870,defibrillating agent,True
defibrillation,C0013778,defibrillation,True
defibrillator,C0180307,Defibrillator,True
defibrillators,C0180307,Defibrillators,True
deficiency,C0162429,Deficiency,True
deficient,C0011155,Deficient,True
defined,C3539106,Defined,True
definite,C1704787,Definite,True
definition,C3539107,Definition,True
definitive,C0443196,Definitive,True
deformations,C0575133,Deformation of bone,True
deformed,C0333067,deformed,True
deformities,C0000768,Deformities,True
deformitities,C0000768,Congenital Abnormality,True
deformity,C0302142,Deformity,True
degenerate,C0011164,degenerate,True
degenerated,C0011164,Degenerated,True
degeneration,C0011164,Degeneration,True
degenerations,C0011164,Degenerations,True
degenerative,C0011164,degenerative,True
degenerative change,C0011164,degenerative change,True
degenerative changes,C0011164,Degenerative changes,True
degradation,C1881707,Degradation,True
degree,C0449286,Degree,True
degrees,C0449286,degrees,True
dehisced,C0700139,dehisced,True
dehiscence,C0149663,Dehiscence,True
dehydration,C0011175,Dehydration,True
delayed,C0205421,Delayed,True
delete,C1880274,Delete,True
delineate,C4684445,Delineate,True
delineated,C4684445,Delineated,True
delineation,C4684445,Delineation,True
delirium,C0011206,Delirium,True
deltoid,C0224234,Deltoid,True
demineralization,C0700185,Demineralization,True
demineralized,C0029453,Osteopenia,True
denosumab,C1690432,Denosumab,True
dense,C0439794,Dense,True
densely,C0439794,Densely,True
densisities,C0178587,density,True
densities,C0178587,densities,True
density,C0178587,Density,True
density - shallow,C4698035,Shallow,True
dental,C1550246,Dental,True
dentures,C2266651,dentures,True
deodorant,C0011468,Deodorant,True
dependent,C0851827,Dependent,True
dependent - edema,C0235437,Dependent edema,True
depleted,C0333668,Depleted,True
deposit,C0333562,Deposit,True
deposited,C0333562,deposited,True
deposition,C0333562,Deposition,True
deposits,C0333562,Deposits,True
depot,C3830287,Depot,True
depressed,C0344315,Depressed,True
depressing,C0344315,depressing,True
depression,C0011570,Depression,True
depressions,C0011570,Depressions,True
depth,C0205125,Depth,True
dermal,C0221928,Dermal,True
desaturation,C0746961,Desaturation,True
desaturations,C0746961,Oxygen saturation below reference range,True
descend,C0205386,Descend,True
descending,C0205386,Descending,True
descends,C0205386,descends,True
descent,C0680043,Descent,True
described,C1552738,described,True
design,C1707689,Design,True
desquamative,C0232400,desquamative,True
destruction,C1948029,Destruction,True
destructions,C1261381,destructions,True
destructive,C0233520,Destructive,True
detached,C0860659,Detached,True
detail,C1522508,Detail,True
details,C1522508,Details,True
detectable,C3830527,Detectable,True
detector,C0180392,Detector,True
deteriorated,C1457868,deteriorated,True
deteriorating,C1457868,deteriorating,True
deterioration,C0868945,Deterioration,True
determinate,C0205259,Determinate,True
determine,C0521095,Determine,True
development,C0243107,development,True
developmental,C0458003,Developmental,True
developments,C0597252,Plant Development,True
deviate,C0012727,deviate,True
deviated,C0012727,Deviated,True
deviation,C1705236,Deviation,True
device,C0699733,Device,True
devices,C0220819,devices,True
dextro,C0205090,Dextro,True
dextro - convex,C0521163,convex,True
dextro - positioning,C0733755,Positioning,True
dextro convex,C0521163,convex,True
dextrocardia,C0011813,Dextrocardia,True
dextroscoliosis,C3494893,Dextroscoliosis,True
dh,C1832586,DH,True
dht,C0038148,DHT,True
diabetic,C0241863,diabetic,True
diagnosed,C0011900,Diagnosed,True
diagnoses,C0011900,Diagnoses,True
diagnosis,C1704338,diagnosis,True
diagnostic,C0011900,Diagnostic,True
diagrams,C0681494,diagrams,True
dialysis,C0011945,Dialysis,True
dialysis catheter,C0179747,Dialysis catheter,True
diameter,C1301886,Diameter,True
diameters,C1301886,diameters,True
diaphragm,C0011980,Diaphragm,True
diaphragmatic,C0011980,Diaphragmatic,True
diaphragms,C0011980,Diaphragms,True
diaphysis,C0242696,Diaphysis,True
diarrhea,C0011991,Diarrhea,True
diastases,C0002712,diastases,True
diastasis,C0036679,Diastasis,True
diastole,C4283748,Diastole,True
diastolic,C0012000,Diastolic,True
diathesis,C0012655,Diathesis,True
dictated,C1548384,dictated,True
diet,C0012155,Diet,True
difference,C1705242,Difference,True
differences,C0699810,age differences,True
different,C1705242,Different,True
different projection,C0348018,Projection,True
differential,C0443199,Differential,True
differentiate,C0205615,differentiate,True
differentiating,C0205615,differentiating,True
differentiation,C0007589,Differentiation,True
difficult,C0332218,Difficult,True
difficult - to - see,C1947903,See,True
difficult accurately assess,C1516048,Assess,True
difficult assess,C1516048,Assess,True
difficult ot evaluate,C0220825,Evaluate,True
difficult to accurately assess,C1516048,Assess,True
difficult to actually assessed,C1516048,Assessed,True
difficult to assess,C1516048,Assess,True
difficult to comment,C0282411,Comment,True
difficult to delineate,C4684445,Delineate,True
difficult to determine,C0521095,Determine,True
difficult to estimate,C0750572,Estimate,True
difficult to evaluate,C0220825,Evaluate,True
difficult to fully assess,C1516048,Assess,True
difficult to interpret,C1285553,interpret,True
difficult to see,C1947903,See,True
difficult visualization,C2827662,Visualization,True
difficult x - ray assessed,C1516048,Assessed,True
difficulty,C1299586,Difficulty,True
diffuse,C0205219,Diffuse,True
diffused,C0012222,Diffused,True
diffusion,C0012222,Diffusion,True
digestive,C0012238,Digestive,True
digital,C0582802,Digital,True
dilatation,C0012359,Dilatation,True
dilatations,C0012359,Dilatations,True
dilate,C0700124,dilate,True
dilated,C0700124,Dilated,True
dilates,C0700124,dilates,True
dilating,C0700124,dilating,True
dilation,C0700124,Dilation,True
dilute,C1948037,Dilute,True
diluted,C5938989,Diluted,True
dimension,C0439534,Dimension,True
diminish,C0205216,diminish,True
diminished,C0205216,Diminished,True
diminishing,C0205216,diminishing,True
diminution,C0332511,diminution,True
diminutive,C3842384,Diminutive,True
ding,C4723865,DING,True
dip,C0238378,DIP,True
direct,C0439851,Direct,True
directed cephalad,C0205096,Cephalad,True
directed cephalad towards,C3875150,Towards,True
direction,C0700158,Direction,True
directions,C0439755,Directions,True
disappearance,C5785382,Disappearance,True
disc,C1556138,Disc,True
disc space,C1883067,Space,True
discectomy,C0206078,Discectomy,True
discernible,C0205396,Discernible,True
discitis,C0012624,Discitis,True
discoid,C0439641,Discoid,True
discomfort,C2364135,Discomfort,True
disconnected,C1880354,Disconnected,True
disconnection,C1880354,Disconnection,True
disconnections,C1880354,Disconnection,True
discontinuation,C1444662,Discontinuation,True
discontinued,C1444662,Discontinued,True
discontinuous,C1444662,Discontinuous,True
discordance,C3639994,Discordance,True
discordant,C3639994,Discordant,True
discrepancy,C1290905,Discrepancy,True
discrete,C0443299,Discrete,True
diseae,C1075640,diseae,True
disease,C0012634,Disease,True
diseases,C0012634,Diseases,True
dish,C0020498,DISH,True
dish - related,C0445223,Related,True
disk,C1556138,Disk,True
diskectomy,C0206078,Diskectomy,True
diskitis,C0012624,Diskitis,True
dislocated,C0332766,Dislocated,True
dislocation,C0012691,Dislocation,True
dislocations,C0012691,Dislocations,True
dislodgement,C1868842,Lead Dislodgement,True
disorder,C0012634,Disorder,True
disorders,C0012634,Disorders,True
disorganization,C4061689,Disorganization,True
displaced,C0012727,Displaced,True
displacement,C0012727,Displacement,True
displacements,C0012727,Displacements,True
displacing,C0012727,displacing,True
displayed,C0870432,displayed,True
disposition,C0743223,Disposition,True
disproportion,C0341906,disproportion,True
disproportional,C0341906,disproportion,True
disproportionate,C0205350,Disproportionate,True
disproportionately,C0205350,Disproportionate,True
disrupted,C0332454,disrupted,True
disruption,C0332453,Disruption,True
disruptions,C0332453,disruptions,True
dissected,C0205239,dissected,True
dissecting,C0205239,Dissecting,True
dissection,C0333288,Dissection,True
disseminated,C0205221,Disseminated,True
dissemination,C0205221,Dissemination,True
dissociation,C0086168,Dissociation,True
distal,C0205108,Distal,True
distal - most,C0205393,Most,True
distal - to - mid,C0444598,Mid,True
distal end,C2746065,End,True
distal extent,C0439792,Extent,True
distal most edge,C0205154,Edge,True
distal part,C1709471,Part,True
distal port,C0452253,Port,True
distal side,C0441987,Side,True
distal side - port,C0452253,Port,True
distal side port,C0452253,Port,True
distal third,C0450168,Distal third,True
distal tip,C1705504,TIP,True
distance,C0012751,Distance,True
distant,C5441917,Distant,True
distend,C0700124,distend,True
distended,C0700124,Distended,True
distending,C0700124,distending,True
distension,C3714614,Distension,True
distensions,C0012359,Pathological Dilatation,True
distention,C0012359,Distention,True
distinguish,C5668181,Distinguish,True
distort,C0700135,distort,True
distorted,C0700135,distorted,True
distortion,C0332482,Distortion,True
distortions,C0332482,distortions,True
distorts,C0700135,distorts,True
distraction,C1369038,Distraction,True
distress,C0700361,Distress,True
distribute,C1704711,Distribute,True
distributed,C1704711,Distributed,True
distribution,C0037775,Distribution,True
distributions,C0037775,Distributions,True
disuse,C4062565,Disuse,True
diuresis,C0012797,Diuresis,True
diuretic,C0012798,Diuretic,True
diuretics,C0012798,Diuretics,True
diversion,C3840275,Diversion,True
diverticula,C0012817,Diverticula,True
diverticulitis,C0012813,Diverticulitis,True
diverticulosis,C1510475,Diverticulosis,True
diverticulum,C0012817,Diverticulum,True
division,C1293097,Division,True
dizziness,C0012833,Dizziness,True
djd,C0029408,DJD,True
dl,C0439241,dL,True
do,C2828361,Do,True
do a - channel,C1706095,Channel,True
do a - shadow,C0332554,Shadow,True
dob,C4085337,DOB,True
dobbhoff - type,C0332307,Type,True
dobbhoff tube,C0175730,Tube,True
dobhoff - type,C0332307,Type,True
dobhoff catheter,C0085590,Catheter,True
dobhoff tube,C0175730,Tube,True
doboff tubing,C0184165,Tubing,True
document,C1547673,Document,True
documented,C1301725,Documented,True
dome,C1707807,Dome,True
dome - shaped,C0444914,Dome-Shaped,True
domed,C0444914,Domed,True
dominance,C1287621,dominance,True
dominant,C1527180,Dominant,True
dominant mass,C0577559,Mass,True
donation,C4049936,Donation,True
doppler,C0554756,Doppler,True
dorsal,C0205095,Dorsal,True
dorsal direction,C0700158,Direction,True
dorsolateral,C2983598,Dorsolateral,True
dorsolateral part,C1709471,Part,True
dose,C0178602,Dose,True
dot,C1328868,DOT,True
dot - like,C0870814,Like,True
dots,C1720485,Dots,True
double,C0205173,Double,True
double - barrel,C4319631,Barrel,True
double - coiled,C0444764,coiled,True
double - j,C0439136,j,True
double - lead,C0023175,Lead,True
double - lumen,C1551056,Lumen,True
double density,C0178587,Density,True
double lumen,C1551056,Lumen,True
double off,C1518543,Off,True
doubled,C0205173,doubled,True
doubling back,C0205095,Back,True
doubt,C0870444,doubt,True
dove,C0325912,Dove,True
down,C0013080,Down,True
downsloping,C0443206,Downsloping,True
downward,C0205104,Downward,True
downward course,C0750729,Course,True
downwards,C0205104,downwards,True
dr,C4761490,DR,True
drag,C1562415,Drag,True
drain,C0180499,Drain,True
drain - like,C0870814,Like,True
drainage,C2926602,Drainage,True
drainage catheter,C0879005,drainage catheter,True
drainage catheters,C0879005,drainage catheters,True
drains,C0180499,Drains,True
drape,C0180504,drape,True
draped,C0180504,draped,True
drawing,C0013113,Drawing,True
drawings,C0013113,Drawings,True
dressing,C0518459,Dressing,True
dressing over port,C0452253,Port,True
dressings,C0013119,Dressings,True
dressler ' s,C0439118,S,True
drive,C0013126,Drive,True
drop,C4318619,Drop,True
dropped,C1705648,Dropped,True
dropping,C1705648,Dropping,True
drug,C0013227,Drug,True
drug - induced,C0458082,Drug-induced,True
drug - related,C0445223,Related,True
drug reaction,C0041755,Drug reaction,True
drug use,C0242510,drug use,True
drug user,C0338666,Drug User,True
drugs,C0013227,Drugs,True
ds,C1857230,DS,True
dual,C1554184,Dual,True
dual - barrel,C4319631,Barrel,True
dual - chamber,C0725893,Dual Chamber,True
dual - channel,C1706095,Channel,True
dual - lead,C0023175,Lead,True
dual - lumen,C1551056,Lumen,True
dual - pacer,C3470541,PACER,True
dual - tip,C1705504,TIP,True
dual - valve,C3888056,Valve,True
dual channel,C1706095,Channel,True
dual lead,C0023175,Lead,True
dual leads,C0181586,Leads,True
dual lumen,C1551056,Lumen,True
duct,C0687028,Duct,True
ductal,C1512083,Ductal,True
ducts,C0687028,ducts,True
due,C3146286,Due,True
dullness,C0541911,Dullness,True
dump,C0045203,dUMP,True
duo,C5575337,DUO,True
duodenal,C0013303,DUODENAL,True
duodenal - jejunal,C0022378,Jejunal,True
duodenectomy,C1536338,Duodenectomy,True
duodenojejunal,C0450198,Duodenojejunal,True
duodenum,C0013303,Duodenum,True
duplicated,C5575003,Duplicated,True
dur,C0206176,DUR,True
duration,C0449238,Duration,True
during,C1706551,During,True
during access,C0444454,Access,True
dvp,C0078144,DVP,True
dvt,C0149871,DVT,True
dwelling,C0442519,Dwelling,True
dynamic,C0729333,Dynamic,True
dynamics,C3826426,Dynamics,True
dysfunction,C0277785,Dysfunction,True
dysmorphic,C3278414,Dysmorphic ears,True
dysmotility,C0679316,dysmotility,True
dysostosis,C0013393,Dysostosis,True
dysphagia,C0011168,Dysphagia,True
dysplasia,C0334044,Dysplasia,True
dysplastic,C0334044,Dysplastic,True
dyspnea,C0013404,Dyspnea,True
dystrophic,C0333607,dystrophic,True
e,C0227085,E,True
each,C1457900,Each,True
each side,C0441987,Side,True
earlier,C1279919,Earlier,True
early,C1279919,Early,True
early / very,C0442824,Very,True
early a,C1279919,Early,True
early developing,C1279919,Early,True
early focus,C0205234,Focus,True
early infection,C0009450,Infection,True
ease,C1331418,Ease,True
easily,C0332219,Easily,True
easy to miss,C2349206,Miss,True
eat,C0013470,Eat,True
eating,C0013470,Eating,True
ebstein ' s,C0439118,S,True
eburnation,C0221434,eburnation,True
ebus,C3160856,EBUS,True
ec,C0030016,Oxidoreductase,True
eccentric,C0439740,Eccentric,True
ecchymosis,C3812660,Ecchymosis,True
ecd,C1705135,ECD,True
ecg,C1623258,ECG,True
echo,C5575284,ECHO,True
echo probe,C0182400,Probe,True
echocardiography,C0013516,Echocardiography,True
echogenic,C4697723,Echogenic,True
ecmo,C0015357,ECMO,True
ecmo - induced,C0205263,Induced,True
ecmo catheter,C0085590,Catheter,True
ectasia,C0012359,Ectasia,True
ectatic,C0700124,Ectatic,True
ectatic - appearing,C0700124,Dilated,True
ectatic - type,C0332307,Type,True
ectopy an issue,C1706387,Issue,True
ed,C0242350,ED,True
ed board,C1948070,Board,True
ed qa,C0242350,Erectile dysfunction,True
edema,C0013604,Edema,True
edemaedema,C0013604,Edema,True
edemas,C0013604,Edemas,True
edematous,C0013604,Edematous,True
edge,C0205154,Edge,True
edge of the film,C1704608,Film,True
edges,C0205154,edges,True
ediastinal,C0025066,Mediastinum,True
eet,C0049996,EET,True
effacement,C0552443,effacement,True
effect,C2348382,Effect,True
effective,C1704419,Effective,True
effects,C1280500,effects,True
efffusion,C0013687,effusion,True
efffusions,C0013687,effusion,True
effort,C0015264,Effort,True
effort - terminates,C0015264,Exertion,True
effusio,C0013687,effusion,True
effusion,C0013687,Effusion,True
effusion - related,C0445223,Related,True
effusions,C0013687,Effusions,True
eft,C1831995,EFT,True
eft - sided,C0451214,Hidden figures test,True
eg,C1538690,EG,True
eg junction,C0205144,Junction,True
eg junction f,C1533615,F,True
egd,C0079304,egd,True
eggshell,C4521537,Eggshell,True
eight,C0205454,Eight,True
eight - shaped,C0332479,shaped,True
eighth,C0205442,Eighth,True
either,C3844638,Either,True
either side,C0441987,Side,True
eiv stent,C0038257,Stent,True
ej,C1718783,Ej,True
ekg,C1623258,EKG,True
elbow,C0013769,Elbow,True
elderly,C0001792,Elderly,True
electrical,C0442828,Electrical,True
electrocautery,C0391873,Electrocautery,True
electrode,C0013812,Electrode,True
electrode - type,C0332307,Type,True
electrode system,C5444317,SYSTEM:*,True
electrodes,C0013812,Electrodes,True
electronic,C4281784,Electronic,True
electronics,C4281784,Electronics,True
element,C1705248,Element,True
elements,C0013879,Elements,True
elev r,C1552163,R,True
elevate,C0205250,elevate,True
elevated,C0205250,Elevated,True
elevation,C0439775,Elevation,True
elevator,C0013890,Elevator,True
eleventh,C0205445,Eleventh,True
eliminated,C0849355,Eliminated,True
elimination,C0221102,Elimination,True
ellipsoid,C1880490,Ellipsoid,True
elliptical,C1947977,Elliptical,True
elliptical - shaped,C0332479,shaped,True
elongated,C1839798,Long nose,True
elongation,C4725181,Elongation Mutation,True
else,C3842296,Else,True
em,C0815230,EM,True
embarrasment,C0679112,Embarrassment,True
embedded,C1707903,Embedded,True
emboli,C1704212,Emboli,True
embolic,C0013922,Embolic,True
embolism,C1704212,Embolism,True
embolization,C0013931,Embolization,True
embolus,C1704212,Embolus,True
emergent,C0750573,emergent,True
emesis,C0042963,Emesis,True
emphhysema,C0013990,Pathological accumulation of air in tissues,True
emphysema,C0013990,Emphysema,True
emphysematous,C0333159,Emphysematous,True
empiric,C1880496,Empiric,True
empty,C1880497,Empty,True
emptying,C1996907,Emptying,True
empyema,C0014009,Empyema,True
en,C3889152,eN,True
en - face,C0015450,Face,True
en face,C3160739,FACE,True
enable,C5445117,ENABLE,True
encapsulated,C1333381,Encapsulated,True
encase,C4524504,Encase,True
encephalopathy,C0085584,Encephalopathy,True
enchondroma,C1704356,Enchondroma,True
enchondromas,C1704356,Enchondromas,True
encouragement,C0870494,encouragement,True
end,C2746065,End,True
end - on,C2746065,End,True
end - on vessel,C0042591,Vessel,True
end - on vessels,C0005847,vessels,True
end - on view,C0449911,View,True
end - stage,C0205088,End-stage,True
end - to - end,C5856742,End to End,True
end not visualized,C0234621,Visualized,True
end plate,C0005971,Plate,True
end stage,C0205088,End-stage,True
endarterectomy,C0014098,Endarterectomy,True
ended,C1272693,Ended,True
ending,C2746065,Ending,True
endo,C0014175,Endo,True
endo - aortic,C0003483,Aortic,True
endo - intestinal,C0021853,Intestinal,True
endobronchial,C0444471,Endobronchial,True
endocarditis,C0014118,Endocarditis,True
endocervical,C0227837,Endocervical,True
endograft,C3504495,Endograft,True
endografts,C3504495,Endografts,True
endoleak,C1504464,Endoleak,True
endometrial,C0227843,Endometrial,True
endoprosthesis,C4704931,Endoprosthesis,True
endoscope,C0014243,Endoscope,True
endoscopic,C0014245,Endoscopic,True
endoscopies,C0014245,endoscopies,True
endoscopy,C0014245,Endoscopy,True
endotracheal,C0599554,Endotracheal,True
endotracheal tube,C0336630,Endotracheal tube,True
endotracheally,C0599554,endotracheal,True
endovascular,C0524425,Endovascular,True
endpoint,C2349179,Endpoint,True
ends,C0444930,ends,True
ends out of view,C0449911,View,True
enema,C0014268,Enema,True
engaging,C0425152,engaging,True
engorged,C0700140,engorged,True
engorgement,C0020452,Engorgement,True
engorgements,C0020452,Engorgements,True
enhance,C2349975,Enhance,True
enhanced,C2349975,Enhanced,True
enhancement,C1627358,Enhancement,True
enl,C1333335,ENL,True
enlarged,C1293134,Enlarged,True
enlargement,C2711450,Enlargement,True
enlargements,C0020564,enlargements,True
enlarging,C0442800,enlarging,True
enostosis,C0265512,Enostosis,True
ensure,C0218063,Ensure,True
entered,C1521975,Entered,True
enteric,C1304890,Enteric,True
enteric - type,C0332307,Type,True
enteric catheter,C0085590,Catheter,True
enteric tube,C0175730,Tube,True
enterostomy,C0014370,Enterostomy,True
enthesopathy,C0242490,Enthesopathy,True
entire,C0439751,Entire,True
entity,C1551338,Entity,True
entrance,C0337095,Entrance,True
entrance site,C1515974,Site,True
entrapment,C1285497,Entrapment,True
entry,C1705654,Entry,True
entry side,C0441987,Side,True
entry site,C1515974,Site,True
enucleation,C0014392,Enucleation,True
enumeration,C1707927,Enumeration,True
environment,C0014406,Environment,True
environmental,C0014406,Environmental,True
enzymes,C0014445,enzymes,True
eosinophilia,C2240374,Eosinophilia,True
eosinophilic,C0333930,eosinophilic,True
epicardial,C0442016,Epicardial,True
epicardium,C5891068,Epicardium,True
epidural,C1550254,Epidural,True
epigastric,C0521440,Epigastric,True
epigastrium,C0230185,Epigastrium,True
epiglottis,C0014540,Epiglottis,True
epiglottitis,C0014541,Epiglottitis,True
episode,C0332189,Episode,True
episodes,C0332189,Episodes,True
episodic,C1455761,Episodic,True
epithelial,C0221908,Epithelial,True
equal,C0205163,Equal,True
equina,C0017589,Equina,True
equipment,C0220824,equipment,True
equivalent,C0205163,Equivalent,True
equivocal,C0332241,Equivocal,True
ercp,C0008310,ERCP,True
ercp stent,C0038257,Stent,True
erect,C0522014,erect,True
erect position,C0231472,Erect Position,True
erect posture,C1262869,Posture,True
eroded,C0059735,eroded,True
erosion,C1959609,Erosion,True
erosions,C0333307,erosions,True
erosive,C0439679,Erosive,True
errant line,C0205132,Line,True
error,C0743559,Error,True
esophageal,C0014852,ESOPHAGEAL,True
esophageal - gastric,C0038351,Gastric,True
esophagectomy,C0085198,Esophagectomy,True
esophagitis,C0014868,Esophagitis,True
esophago - bronchial,C0205039,Bronchial,True
esophagogastrectomy,C0192296,Esophagogastrectomy,True
esophagogastric,C0475468,Esophagogastric,True
esophagogastric junction,C0014871,Esophagogastric junction,True
esophagojejunal,C0475469,Esophagojejunal,True
esophagojejunostomy,C0192362,Esophagojejunostomy,True
esophagoscopy,C0014873,Esophagoscopy,True
esophagram,C1318509,Esophagram,True
esophagus,C0014876,Esophagus,True
esrd,C0022661,ESRD,True
essential,C0205224,Essential,True
et,C0040028,ET,True
et - tube,C0175730,Tube,True
et tube,C0175730,Tube,True
ethiodiol,C0116736,ethiodiol,True
ethiodol,C0720305,Ethiodol,True
etiologies,C0015127,etiologies,True
etiology,C1524003,Etiology,True
ett cuff,C3668885,Cuff,True
ett tip,C1705504,TIP,True
ett tube,C0175730,Tube,True
evacuation,C1282573,Evacuation,True
evacuations,C1282573,evacuations,True
evaluate,C0220825,Evaluate,True
evaluated,C0220825,Evaluated,True
evaluation,C1261322,Evaluation,True
evaluation is limited,C0439801,Limited,True
eve,C5142952,Eve,True
event,C0441471,Event,True
eventrated,C0015207,Eventrated,True
eventration,C0015207,Eventration,True
eventrations,C0015207,eventrations,True
events,C0441471,Events,True
eversion,C0015211,Eversion,True
evidence,C3887511,Evidence,True
evidence of prior smoking,C0453996,Smoking,True
evolution,C0015219,Evolution,True
evolving,C0332253,Evolving,True
ew,C4764090,EW,True
ew from,C4764090,EW,True
exacerbated,C0436331,exacerbated,True
exacerbates,C0436331,Symptom aggravating factors,True
exacerbation,C4086268,Exacerbation,True
exacerbations,C4086268,Exacerbation,True
exact location,C1515974,Location,True
exaggerate,C0442801,exaggerate,True
exaggerated,C0442801,Exaggerated,True
exaggerating,C0442801,exaggerating,True
exam,C0582103,Exam,True
examination,C0031809,Examination,True
exceed,C5446435,Exceed,True
exceeding,C5446435,Exceeding,True
excellent,C1961136,Excellent,True
except,C4723751,Except,True
exception,C1705847,Exception,True
exceptionally,C0750577,EXCEPTIONALLY,True
excess,C0020488,Hypernatremia,True
excessive,C0442802,Excessive,True
excessively,C0442802,Excessively,True
exchange,C0678640,exchange,True
excision,C0728940,Excision,True
exclude,C2828389,Exclude,True
excluded,C0332196,Excluded,True
excluded from view,C0449911,View,True
excludes,C0332196,excludes,True
exclusion,C0680251,exclusion,True
exclusively,C5981545,Exclusively,True
excrescence,C2826624,Excrescence,True
excretion,C0221102,Excretion,True
exertional,C0239313,exertional,True
exist,C2987476,Exist,True
exogenous,C0205101,Exogenous,True
exophytic,C2700034,Exophytic,True
exostosis,C1442903,Exostosis,True
expand,C0205229,Expand,True
expanded,C0205229,expanded,True
expander,C1707965,Expander,True
expanding,C0205229,Expanding,True
expected,C1517001,Expected,True
expected area,C0017446,Area,True
expected course,C0750729,Course,True
expected location,C1515974,Location,True
expected position,C0733755,Position,True
expected shin,C0230444,Shin,True
expected site,C1515974,Site,True
expectoration,C0038056,Expectoration,True
expense,C0680864,expense,True
expiration,C0231800,Expiration,True
expiratory,C0231800,Expiratory,True
expiratory exam,C0582103,Exam,True
explain cough,C0010200,Cough,True
explanation,C0681841,Explanation,True
exploration,C1280903,Exploration,True
exploratory,C3931604,Explorator,True
exposure,C0274281,exposure,True
exposures,C0274281,exposures,True
ext,C1707871,EXT,True
extend,C0231448,Extend,True
extended,C5781021,Extended,True
extending,C0439792,Extending,True
extends,C0439792,extends,True
extends back towards,C3875150,Towards,True
extension,C1880641,Extension,True
extensive,C0205231,Extensive,True
extensor,C1184148,Extensor,True
extent,C0439792,Extent,True
extents,C0439792,Extents,True
exterior,C4698034,Exterior,True
external,C0521134,External,True
external wire,C0005978,Wire,True
externally,C0205101,Externally,True
extra - anatomic,C0220784,Anatomic,True
extra - axial,C0205131,Axial,True
extra - hepatic,C0205054,Hepatic,True
extra - pleural,C0032225,Pleural,True
extra - thoracic,C0817096,Thoracic,True
extra - vascular,C0005847,Vascular,True
extracorporeal,C5575665,Extracorporeal,True
extracted,C0185115,Extracted,True
extraction,C0185115,Extraction,True
extraluminal,C1517059,Extraluminal,True
extrapleural,C0442091,Extrapleural,True
extrapleurally,C0442091,Extrapleural,True
extrapulmonary,C5783951,Extrapulmonary,True
extravasation,C0015376,Extravasation,True
extreme,C4085555,Extreme,True
extremely,C0205403,Extremely,True
extremities,C0015385,Extremities,True
extremity,C0015385,Extremity,True
extrinsic,C0595947,Extrinsic,True
extubated,C0553891,Extubated,True
extubation,C0553891,Extubation,True
exudate,C0015388,Exudate,True
exudative,C0311438,Exudative,True
f,C3813127,F,True
f / c,C3715096,C,True
fabric,C0039717,Fabric,True
face,C0015450,Face,True
facet,C0222679,Facet,True
facets,C0222679,facets,True
facial,C0015450,Facial,True
facility,C1547538,Facility,True
factor,C2827422,Factor,True
factors,C1257900,Colicin Plasmids,True
fading out,C0439787,Out,True
failed,C0231175,Failed,True
failure,C0231174,Failure,True
faint,C0039070,Faint,True
faintly visualized,C0234621,Visualized,True
fair,C2911689,Fair,True
fairly,C4086298,Fairly Sure,True
fall,C0085639,Fall,True
familiar,C0205309,Familiar,True
fan - like,C0870814,Like,True
fan - shaped,C0332479,shaped,True
far,C5446008,Far,True
far - left,C5446008,Far,True
far advanced,C0205179,Advanced,True
far apical,C0205111,Apical,True
far end of the image,C1846009,IMAGE,True
far from the edge,C0205154,Edge,True
far out,C0439787,Out,True
far to low,C5203106,Low,True
fascia,C0015641,Fascia,True
fascia planes,C1049866,planes,True
fascial,C0015641,Fascial,True
fasciitis,C0015645,Fasciitis,True
fascitis,C0015645,Fascitis,True
fast,C0015663,Fast,True
fat,C0015677,Fat,True
fat - containing,C0332256,Containing,True
fat - pad,C0332568,Pad,True
fat collection,C0600644,Collection,True
fat deposition,C0333562,Deposition,True
fat pad,C0332568,Pad,True
fat pad - uncertain,C0087130,Uncertain,True
fat tissue,C0001527,fat tissue,True
fatigue,C0015672,Fatigue,True
favor,C0309049,favor,True
fdg,C4723869,FDG,True
fdg - avid,C2986972,Avid,True
fdg - avidity,C1510996,Avidity,True
feature,C1514562,Feature,True
febrile,C0015967,Febrile,True
fecal,C0015733,Fecal,True
feeding,C2987508,Feeding,True
feeding tube,C2945625,Feeding Tube,True
feet,C0347981,feet,True
fell,C1425660,FELL,True
female,C0086287,Female,True
femara,C0701348,Femara,True
femoral,C0015811,Femoral,True
femoral - approach,C0449445,Approach,True
femur,C0015811,Femur,True
fenestrated,C0333321,fenestrated,True
fenestration,C0015826,Fenestration,True
fenestrations,C0015825,fenestrations,True
fever,C0015967,Fever,True
fevers,C0015967,Fevers,True
few,C0205388,Few,True
few centimeters,C0475210,centimeters,True
few millimeters,C0439200,millimeters,True
fi,C4050619,FI,True
fib,C1414538,FIB,True
fibers,C5551822,Fibers,True
fibrillation,C0232197,Fibrillation,True
fibrin,C1553191,Fibrin,True
fibro,C0016053,Fibro,True
fibroadenoma,C0178421,Fibroadenoma,True
fibroadenomas,C0206650,Fibroadenomas,True
fibroelastosis,C0016038,Fibroelastosis,True
fibroid,C0023267,Fibroid,True
fibroma,C0016045,Fibroma,True
fibrosing,C0295476,fibrosin,True
fibrosis,C0016059,Fibrosis,True
fibrosis - related,C0445223,Related,True
fibrothorax,C2724209,Fibrothorax,True
fibrotic,C0334129,fibrotic,True
fibrous,C0439709,Fibrous,True
fibula,C0016068,Fibula,True
fiducial,C1708056,Fiducial,True
fiducial seeds,C0036563,Seeds,True
fiducials,C1708056,Fiducial,True
fiduciary,C1708056,Fiduciary,True
field,C2349184,Field,True
field - of - view,C2700177,Field of View,True
field of view,C2700177,Field of View,True
field radiation,C0034519,Radiation,True
fields,C0440042,Field's,True
fiesta,C5856303,FIESTA,True
fifth,C0205439,Fifth,True
fifth - sixth,C0205440,Sixth,True
figure - of - eight,C0205454,Eight,True
filament,C0010851,Filament,True
filamentous,C1180307,F-Actin,True
filaments,C0025979,Microfilaments,True
fill,C1708059,Fill,True
filled,C1708059,Filled,True
filling out,C0439787,Out,True
filling pressure,C0460139,pressure,True
film,C1704608,Film,True
filter,C0180860,Filter,True
filters,C0180860,Filters,True
final,C0205088,Final,True
finding,C0037088,Finding,True
findings,C2607943,findings,True
fine,C0205232,Fine,True
fine detail,C1522508,Detail,True
finger,C0016129,Finger,True
finger - in - glove,C0206069,Glove,True
fir,C0330195,Fir,True
firm,C0205233,Firm,True
first,C0205435,First,True
first part,C1709471,Part,True
first side port,C0452253,Port,True
first trimester,C0032979,First trimester,True
fish,C0016163,Fish,True
fisher,C0325045,Fisher,True
fissural,C1517198,Fissural,True
fissure,C0332469,Fissure,True
fissures,C0332469,fissures,True
fistula,C0016169,Fistula,True
fistulas,C0016169,Fistulas,True
fistulization,C0185033,Fistulization,True
five,C0205451,Five,True
five hours,C0439227,hours,True
fixation,C0185023,Fixation,True
fixation ' s,C0439118,S,True
fixations,C0185023,fixations,True
fixator,C0441254,Fixator,True
fixators,C0441254,fixators,True
fixed,C0443218,Fixed,True
flail,C0231444,flail,True
flair,C0309093,flair,True
flame,C3272498,FLAME,True
flame - shaped,C0332479,shaped,True
flank,C0230171,Flank,True
flanks,C0230171,flanks,True
flap,C0038925,Flap,True
flare,C3540542,Flare,True
flash,C4284306,FLASH,True
flask,C0872171,Flask,True
flat,C0205324,Flat,True
flattened,C0016203,Flattened,True
flattening,C0016203,Flattening,True
flecks,C4023322,Flecks,True
fleeting,C0591516,fleeting,True
flexed,C5781273,Flexed,True
flexed position,C0733755,Position,True
flexible,C0443220,Flexible,True
flexion,C0231452,Flexion,True
flexure,C1880791,Flexure,True
floor,C3714591,Floor,True
floppy,C0857516,floppy,True
flotation,C0678624,flotation,True
flow,C0806140,Flow,True
flow state,C1301808,State,True
flowing,C0806140,flowing,True
flu,C0021400,Flu,True
fluctuate,C0231241,Fluctuate,True
fluctuated,C0231241,fluctuated,True
fluctuates,C0231241,fluctuates,True
fluctuating,C0231241,Fluctuating,True
fluctuation,C0231239,Fluctuation,True
fluctuations,C0231239,fluctuations,True
fluid,C0444611,Fluid,True
fluid - containing,C0332256,Containing,True
fluid - filled,C4086317,Fluid-Filled,True
fluid - fluid,C0444611,Fluid,True
fluid - level,C0456079,Level,True
fluid - marked,C0444611,Fluid,True
fluid - replete,C4084254,REPLETE,True
fluid balance,C0560184,Balance,True
fluid collection,C0600644,Collection,True
fluid filled,C4086317,Fluid-Filled,True
fluid level,C0456079,Level,True
fluid levels,C0441889,Levels,True
fluid loculation,C0302908,Liquid substance,True
fluid opacity,C1265876,Opacity,True
fluid overload,C0546817,Fluid overload,True
fluid tracks,C0040594,Tracks,True
fluido - pneumothorax,C0032326,Pneumothorax,True
fluids,C1521806,Fluids,True
fluoroscopy,C0016356,Fluoroscopy,True
flush,C0016382,Flush,True
flushed,C0016382,flushed,True
flushing,C0016382,Flushing,True
fna,C1510483,fna,True
fo,C0332282,FO,True
foal,C3669731,Foal,True
focal,C0205234,Focal,True
focal - opacity,C1265876,Opacity,True
focal area,C0017446,Area,True
focal region,C0205147,Region,True
focality,C1883677,Focality,True
focally,C0205234,Focally,True
foci,C4321394,Foci,True
focus,C0205234,Focus,True
focused,C0205234,Focused,True
fold,C0332462,Fold,True
folded,C0332462,Folded,True
folded back,C0205095,Back,True
folded up,C0547043,Up,True
folding,C0185026,Folding,True
folding back,C0205095,Back,True
folds,C0332462,folds,True
follicles,C0221971,Follicles,True
follow,C1719822,Follow,True
follow - up,C0589120,Follow-up,True
followed,C0332283,followed,True
following,C0231290,Following,True
food,C0016452,Food,True
foot,C0016504,Foot,True
for,C0521125,For,True
for - year - old,C0580836,Old,True
for age,C0162574,AGE,True
for placement,C1533810,Placement,True
foramina,C0441996,Foraminal,True
force,C0441722,Force,True
forced,C0441722,Forced,True
forceps,C0016533,Forceps,True
forearm,C0016536,Forearm,True
foreign,C1517294,Foreign,True
foreign - body,C0016542,Foreign body,True
foreign bodies,C0016542,Foreign Bodies,True
foreign body,C0016542,Foreign body,True
form,C0348078,Form,True
formation,C0439634,formation,True
formations,C0439634,Formations,True
formed,C0205431,Formed,True
former,C0205156,Former,True
forming,C0205431,Forming,True
forms,C0376315,Forms,True
forward,C0439780,Forward,True
fossa,C0836913,Fossa,True
found,C0150312,Found,True
four,C0205450,Four,True
four days,C0439228,days,True
fourth,C1706303,Fourth,True
fourth - ninth,C0205443,Ninth,True
fov,C1427996,FOV,True
fracture,C0016658,Fracture,True
fracture - age,C5444827,Fracture age,True
fracture - dislocation,C0332761,Fracture Dislocation,True
fracture - eahn,C0016658,Fracture,True
fractured,C4554413,Fractured,True
fractures,C0016658,FRACTURES,True
fragment,C0332255,fragment,True
fragmentation,C0332472,Fragmentation,True
fragmented,C0332472,fragmented,True
fragments,C0486805,Fragments,True
frank,C0398650,Frank,True
free,C1880497,Free,True
free - air,C1866503,AIR,True
free - flowing,C0806140,flowing,True
free air,C1866503,AIR,True
free flow,C0806140,Flow,True
free flowing,C0806140,flowing,True
fremitus,C0231890,fremitus,True
fresh,C0443224,Fresh,True
friable,C0332535,friable,True
front,C0205094,Front,True
frontal,C0205123,Frontal,True
frontal exam,C0582103,Exam,True
frontal projection,C0442223,Frontal projection,True
frozen,C1548793,Frozen,True
ft,C0347981,ft,True
fulfill,C1550543,Fulfill,True
full,C0443225,Full,True
full - circle,C1282913,Circle,True
full course,C0750729,Course,True
full extent,C0439792,Extent,True
full visualization,C2827662,Visualization,True
fullness,C0439650,Fullness,True
fully assess,C1516048,Assess,True
fully assessed,C1516048,Assessed,True
fully characterized,C1880022,Characterized,True
fully evaluated,C0220825,Evaluated,True
fully included,C0332257,included,True
fully re - expand,C0205229,Expand,True
fully visualized,C0234621,Visualized,True
function,C0598463,FUNCTION,True
functional,C0542341,Functional,True
functioning,C0205245,Functioning,True
fundic,C0740422,Fundic,True
fundoplication,C0192499,Fundoplication,True
fundus,C0016823,Fundus,True
fundus area,C0017446,Area,True
fungal,C0521033,Fungal,True
fungemia,C0085082,Fungemia,True
fungi,C0521033,fungi,True
fungus,C2939457,Fungus,True
funnel - shaped,C0332495,Funnel shaped,True
further,C1517331,Further,True
fused,C0699952,Fused,True
fusiform,C0332493,Fusiform,True
fusing,C0699952,fusing,True
fusion,C0332466,Fusion,True
fusion hardware,C1523994,Hardware,True
fusions,C0332466,fusions,True
future,C0016884,Future,True
fx,C1709013,FX,True
fxs,C0016667,FXS,True
g,C0439110,G,True
g - e,C0227085,E,True
g - e junction,C0205144,Junction,True
g - j,C0439136,j,True
g - tube,C1522614,G-TUBE,True
g tube,C1522614,G-TUBE,True
gag,C0328767,Gag,True
gain,C1517378,Gain,True
gallbladder,C1524055,Gallbladder,True
gallstone,C0947622,Gallstone,True
gallstones,C0947622,Gallstones,True
ganglia,C0017067,Ganglia,True
gangrene,C0017086,Gangrene,True
gap,C3887622,Gap,True
garment,C0009072,Garment,True
gas,C0596601,Gas,True
gas - containing,C0332256,Containing,True
gas - distended,C0700124,Distended,True
gas - filled,C0333139,Gas filled,True
gas - fluid,C0444611,Fluid,True
gas - forming,C0205431,Forming,True
gas - loops,C0181687,loops,True
gas - of,C0596601,Gas,True
gas - stomach,C3714551,Stomach,True
gas collection,C0600644,Collection,True
gas density,C0178587,Density,True
gas filled,C0333139,Gas filled,True
gastrectomy,C0017118,Gastrectomy,True
gastric,C1704242,Gastric,True
gastric body,C0227230,Gastric body,True
gastric fundus,C0017129,Gastric Fundus,True
gastritis,C0017152,Gastritis,True
gastro,C0038351,gastr(o)-,True
gastro - esophageal,C1522619,Esophageal,True
gastroduodenal,C0450199,Gastroduodenal,True
gastroenterostomy,C0017164,Gastroenterostomy,True
gastroesophageal,C0744316,gastroesophageal,True
gastroesophageal junction,C0014871,Gastroesophageal junction,True
gastrointestinal,C0521362,gastrointestinal,True
gastrojejunostomy,C0399839,Gastrojejunostomy,True
gastroparesis,C0152020,Gastroparesis,True
gastrostomy,C0546256,Gastrostomy,True
gastrotomy,C0192401,Gastrotomy,True
gauge,C3854336,Gauge,True
gauzes,C0590323,Gauzes,True
ge,C3538705,GE,True
ge junciton,C0017479,germanium,True
ge junction,C0205144,Junction,True
ge junction level,C0456079,Level,True
gemcitabine,C0045093,Gemcitabine,True
general,C0205246,General,True
generalized,C0205246,Generalized,True
generated,C3146294,Generated,True
generator,C0237638,Generator,True
generators,C0237638,Generators,True
genesis,C2984892,Genesis,True
gentle,C0720654,gentle,True
gently,C1638411,Gently,True
geographic,C1517526,Geographic,True
gerd,C0017168,GERD,True
germ,C1517528,Germ,True
gestation,C0439671,Gestation,True
ghost,C0014776,ghost,True
gi,C1708130,Gi,True
giant,C0017547,Giant,True
gibbus,C0022821,Gibbus,True
girdle,C0453903,Girdle,True
girdles,C0453903,girdles,True
gist,C0238198,gist,True
gland,C1285092,Gland,True
glaring,C3887688,glaring,True
glass,C2676739,GLASS,True
gleno - humeral,C0020164,Humeral,True
glenoid,C1179712,glenoid,True
glioblastoma,C1621958,Glioblastoma,True
global,C0205246,Global,True
globe,C0015392,Globe,True
globular,C0332501,globular,True
glove - like,C0870814,Like,True
go,C0432255,GO,True
go - cart,C0179636,Cart,True
goes,C1947959,Goes,True
going back,C0205095,Back,True
goiter,C0018021,Goiter,True
gold,C0018026,Gold,True
good,C0205170,Good,True
good - sized,C0205170,Good,True
good definition,C3539107,Definition,True
good location,C1515974,Location,True
good part,C1709471,Part,True
good position,C0733755,Position,True
good positions,C0733755,positions,True
good visualization,C2827662,Visualization,True
gotten + l,C0475211,L,True
gown,C0181064,Gown,True
grade,C3244287,grade,True
grade 1,C0687695,Grade 1,True
grade 3,C0450094,Grade 3,True
grade iii,C0450094,Grade III,True
gradient,C0439182,% gradient,True
gradual,C0439833,Gradual,True
graft,C0181074,Graft,True
graft - versus - host,C1167395,Host,True
grafted,C0700106,Grafted,True
grafting,C1961139,Grafting,True
grafts,C0332835,Grafts,True
granular,C3853628,Granular,True
granulation,C0518864,granulation,True
granulocyte,C0018183,Granulocyte,True
granulom,C0018188,Granuloma,True
granuloma,C0018188,Granuloma,True
granulomas,C0018188,Granulomas,True
granulomata,C0018188,Granulomata,True
granulomatosis,C0521173,Granulomatosis,True
granulomatous,C0439667,Granulomatous,True
granulomatous disease,C0740451,Granulomatous disease,True
graves,C0018213,Graves,True
gravitational,C1562762,Gravitational line,True
gravity,C0282189,Gravity,True
great,C0549177,Great,True
great vessels,C0225991,great vessels,True
greater,C1704243,Greater,True
greater - than,C0439093,Greater Than,True
greater degree,C0449286,Degree,True
greater than,C0439093,Greater Than,True
greater than %,C0439093,Greater Than,True
greatest,C0205393,Greatest,True
greatly,C3840786,Greatly,True
green,C0332583,Green,True
grid,C2348395,Grid,True
grid - shaped,C0332479,shaped,True
groin,C0018246,Groin,True
groove,C1184482,Groove,True
gross,C0439806,Gross,True
ground - glass,C4697773,Ground glass,True
ground - glass like,C0870814,Like,True
ground glass,C4697773,Ground glass,True
ground glass - like,C0870814,Like,True
group,C0441833,Group,True
grouping,C1522242,Grouping,True
growth,C2911660,Growth,True
guess,C0870628,guess,True
guesses,C0870628,guesses,True
guidance,C1959633,Guidance,True
guide,C0181090,Guide,True
guidewire,C1708264,Guidewire,True
gun,C0018397,gun,True
gunshot,C0043252,gunshot,True
gut,C0017189,Gut,True
gutter,C0205149,Gutter,True
gvhd,C0018133,gvhd,True
gynecomastia,C0018418,Gynecomastia,True
h,C0227092,H,True
h - shaped,C0332479,shaped,True
h - type,C0332307,Type,True
h / o,C0455483,h o,True
h shape,C0522512,Shape,True
h shaped,C0332479,shaped,True
hacking cough,C0239133,Hacking cough,True
haemophilus,C0018479,Haemophilus,True
hair,C0018494,Hair,True
hairpin - curved,C0205134,Curved,True
hairpin - like,C0870814,Like,True
hairpin turn,C0541749,turn,True
half,C2825407,Half,True
half - way,C2825407,Half,True
half - way between,C0205103,Between,True
halo,C0181278,Halo,True
halo - like,C0870814,Like,True
hamartoma,C0018552,Hamartoma,True
hamartomas,C0018552,HAMARTOMAS,True
hammer,C0181107,Hammer,True
hand,C0018563,Hand,True
hanging,C0544691,Hanging,True
hard,C0018599,Hard,True
hard assess,C1516048,Assess,True
hard to assess,C1516048,Assess,True
hard to compare,C1707455,Compare,True
hard to determine,C0521095,Determine,True
hard to see,C1947903,See,True
harder to assess,C1516048,Assess,True
hardware,C1523994,Hardware,True
hardware - related,C0445223,Related,True
hay,C1440666,Hay,True
hazy,C0205406,Hazy,True
hazy component,C0449432,Component,True
hazy density,C0178587,Density,True
hazy opacities,C0029053,opacities,True
hcc,C1864663,HCC,True
hd,C0019829,HD,True
hd catheter,C0085590,Catheter,True
hd line,C0205132,Line,True
he,C0013902,HE,True
he prior,C0332152,Prior,True
head,C0018670,Head,True
head down,C0013080,Down,True
heads,C0018670,Heads,True
heads back,C0205095,Back,True
heads back into,C0332286,Into,True
healed,C0205249,Healed,True
healing,C0043240,Healing,True
healings,C0043240,healings,True
hear,C0018767,hear,True
heart,C0018787,Heart,True
hearts,C0018787,Hearts,True
heat,C0221500,heat,True
heaves,C3714496,Heaves,True
heaviness,C0850001,heaviness of head,True
heavy,C0439539,Heavy,True
heavy smoking,C3845546,Heavy smoking,True
heel,C0018870,Heel,True
heel - toe,C0040357,Toe,True
height,C0489786,Height,True
height 2,C0227033,2,True
height loss,C0424641,height loss,True
heights,C0489786,heights,True
hem,C0019080,HEM,True
hema,C0019069,HEMA,True
hemangioma,C0018916,Hemangioma,True
hematemesis,C0018926,Hematemesis,True
hematocrit,C0518014,hematocrit,True
hematocyst,C0333145,Hematocyst,True
hematogenous,C1512376,Hematogenous,True
hematogenously,C1512376,Hematogenous,True
hematologic,C0018943,Hematologic,True
hematoma,C0018944,Hematoma,True
hematomas,C0018944,Hematomas,True
hematuria,C0018965,Hematuria,True
hemi,C1285521,Hemi,True
hemi - abdomen,C0230168,Abdomen,True
hemi - arch,C0741204,Arch,True
hemi - arthroplasties,C0744743,Hemi-Arthroplasties,True
hemi - arthroplasty,C0744743,Hemi-Arthroplasty,True
hemi - diaphragm,C0011980,Diaphragm,True
hemi - diaphragms,C0011980,Diaphragms,True
hemi - thoracic,C0817096,Thoracic,True
hemi - thorax,C0817096,Thorax,True
hemi thorax,C0817096,Thorax,True
hemiarthroplasties,C0744743,Hemiarthroplasties,True
hemiarthroplasty,C0744743,Hemiarthroplasty,True
hemiazygos,C0226642,Structure of hemiazygous vein,True
hemicolectomy,C0546535,Hemicolectomy,True
hemidiaphragm,C1269845,Hemidiaphragm,True
hemidiaphragms,C1269845,hemidiaphragms,True
hemiparesis,C0018989,Hemiparesis,True
hemispheric,C0205139,Hemispheric,True
hemithorax,C1827591,Hemithorax,True
hemithyroidectomy,C0405532,Hemithyroidectomy,True
hemo,C3470158,HEMO,True
hemodialysis,C0019004,Hemodialysis,True
hemodialysis catheter,C0179760,Hemodialysis catheter,True
hemodynamic,C0019010,Hemodynamic,True
hemodynamic tension,C0233494,Tension,True
hemodynamically,C0578150,Hemodynamically stable,True
hemodynamics,C0019010,Hemodynamics,True
hemoglobinopathies,C0019045,Hemoglobinopathies,True
hemomediastinum,C0340161,Hemomediastinum,True
hemopericardium,C0019064,Hemopericardium,True
hemoperitoneum,C0019065,Hemoperitoneum,True
hemopneumothorax,C0019077,Hemopneumothorax,True
hemoptysis,C0019079,Hemoptysis,True
hemorrhage,C0019080,Hemorrhage,True
hemorrhages,C0019080,Hemorrhages,True
hemorrhagic,C0333275,Hemorrhagic,True
hemostat,C0180950,Hemostat,True
hemostats,C0180950,hemostats,True
hemothorax,C0019123,Hemothorax,True
hepatectomy,C0019144,Hepatectomy,True
hepatic,C0205054,Hepatic,True
hepaticojejunostomy,C0193425,Hepaticojejunostomy,True
hepatobiliary,C0883708,hepatobiliary scan,True
hepatocarcinoma,C2239176,Hepatocarcinoma,True
hepatocellular,C2697585,Hepatocellular,True
hepatomegaly,C0019209,Hepatomegaly,True
her,C0574443,HER,True
hernia,C0019270,Hernia,True
hernias,C0019270,Hernias,True
herniation,C0019270,Herniation,True
herniorrhaphy,C0019328,Herniorrhaphy,True
hero,C1028706,hero,True
hero graft,C0181074,Graft,True
heterogeneities,C0242960,Genetic Heterogeneity,True
heterogeneity,C0019409,Heterogeneity,True
heterogeneous,C0019409,Heterogeneous,True
heterogeneously,C0019409,Heterogeneity,True
heterogenous,C1512426,Heterogenous,True
heterogenously,C1512426,Heterogenous,True
heterotopic,C0574894,Heterotopic,True
hf,C0020305,HF,True
hh the aids,C0001175,AIDS,True
hiatal area,C0017446,Area,True
hiatal hernia,C0019270,Hernia,True
hiatus hernia,C0019270,Hernia,True
hickman,C0179762,Hickman catheter,True
hid,C4283800,HID,True
hidden,C0205262,Hidden,True
high,C5202936,High,True
high - attenuation,C0599946,Attenuation,True
high - density,C0178587,Density,True
high - flow,C0806140,Flow,True
high - grade,C0205082,High Grade,True
high - lying,C0600261,Lying,True
high - mid,C0444598,Mid,True
high - output,C1709366,Output,True
high - positioned,C0205250,High,True
high - resolution,C1514893,Resolution,True
high - riding,C0205250,High,True
high a,C5202936,High,True
high access,C0444454,Access,True
high attenuation,C0599946,Attenuation,True
high axis,C0004457,Axis,True
high degree,C0449286,Degree,True
high density,C0178587,Density,True
high grade,C0205082,High Grade,True
high in position,C0733755,Position,True
high lying,C0600261,Lying,True
high position,C0733755,Position,True
high positioning,C0733755,Positioning,True
high r,C1552163,R,True
high read,C0034754,Read,True
high superior vena cava,C0456960,High superior vena cava,True
high svc,C0231957,svc,True
higher,C0205250,Higher,True
higher position,C0733755,Position,True
higher side,C0441987,Side,True
higher than optimal,C2698651,Optimal,True
highest,C1522410,Highest,True
highly,C0205250,Highly,True
highly suspicious,C0750493,Suspicious,True
hilar,C0205150,Hilar,True
hilar level,C0456079,Level,True
hill - deformity,C0302142,Deformity,True
hilum,C0929176,Hilum,True
hind,C2983612,Hind,True
hip,C0019552,Hip,True
hips,C0019552,Hips,True
histiocytosis,C0398597,Histiocytosis,True
histology,C4048239,histology,True
histoplasmosis,C0019655,Histoplasmosis,True
history,C2004062,History,True
hit,C0272285,HIT,True
hiv,C0019693,HIV,True
hiv - related,C0445223,Related,True
hoarseness,C0019825,Hoarseness,True
hocm,C0007194,hocm,True
hodgkin ' s,C0439118,S,True
holders,C1551377,Holders,True
hole,C0544726,Hole,True
hole port,C0452253,Port,True
holes,C0544726,Holes,True
hollow,C0332484,Hollow,True
homogeneity,C1881065,Homogeneity,True
homogeneous,C1881065,Homogeneous,True
homogeneously,C1881065,Homogeneity,True
homogenous,C4698330,Homogenous,True
honeycomb,C0349384,Honeycomb,True
honeycombing,C0241984,Honeycombing,True
hooked,C5445209,Hooked,True
hooks,C0181209,Hooks,True
horizontal,C0205126,Horizontal,True
horizontal line,C0205132,Line,True
horner - like,C0870814,Like,True
horseshoe,C0444766,Horseshoe,True
hospitalization,C0019993,Hospitalization,True
hospitals,C0019994,Hospitals,True
host,C1167395,Host,True
hot spots,C0263214,hot spots,True
house,C2003847,House,True
housing,C1704678,Housing,True
how much,C4281574,Much,True
hr,C0332167,HR,True
hsd,C1837657,HSD,True
hte,C1825832,hTE,True
htn,C0020538,htn,True
hub,C1708389,Hub,True
humeral,C0020164,Humeral,True
humeral head,C0223683,Humeral Head,True
humeri,C0020164,Humeri,True
humerus,C0020164,Humerus,True
hung up,C0547043,Up,True
hx,C3814444,HX,True
hydration,C1321013,Hydration,True
hydro - pneumothorax,C0032326,Pneumothorax,True
hydro - thorax,C0817096,Thorax,True
hydro pneumothorax,C0032326,Pneumothorax,True
hydronephrosis,C0020295,Hydronephrosis,True
hydronephrotic,C4697725,Hydronephrotic,True
hydropneumoperitoneum,C0003962,Ascites,True
hydropneumothorax,C0020303,Hydropneumothorax,True
hydrosyringomyelia,C1522522,Hydrosyringomyelia,True
hydrothorax,C0020312,Hydrothorax,True
hydroureter,C0521620,Hydroureter,True
hydroxyapatite,C0409861,hydroxyapatite,True
hyper,C0424295,HYPER,True
hyper - aeration,C2215609,aeration,True
hyper - attenuation,C0599946,Attenuation,True
hyper - expanded,C0205229,expanded,True
hyper - expansion,C0424295,Hyperactive behavior,True
hyper - inflated,C0424295,Hyperactive behavior,True
hyper - inlfation,C0424295,Hyperactive behavior,True
hyper - translucent,C0522503,Translucent,True
hyperalimentation,C0020505,hyperalimentation,True
hypercalcemia,C0020437,Hypercalcemia,True
hypercarbia,C0020440,Hypercarbia,True
hyperdistention,C0020449,Hyperdistention,True
hyperemia,C0020452,Hyperemia,True
hyperexpansion,C0020449,Hyperexpansion,True
hyperextension,C0231451,Hyperextension,True
hyperglycemic,C0162418,"Mouse, Hyperglycemic",True
hyperinflation,C0020449,Hyperinflation,True
hyperinflations,C0020449,Hyperdistention,True
hyperintensity,C5667489,Hyperintensity,True
hyperkalemia,C5979967,Hyperkalemia,True
hyperkyphosis,C0022821,Hyperkyphosis,True
hyperosmolar,C0020457,Hyperglycemic Hyperosmolar Nonketotic Coma,True
hyperostosis,C0020492,Hyperostosis,True
hyperparathyroidism,C0020502,Hyperparathyroidism,True
hypersensitivity,C0020517,Hypersensitivity,True
hypertension,C0020538,Hypertension,True
hypertensive,C0857121,Hypertensive,True
hypertrophic,C0020564,Hypertrophic,True
hypertrophy,C0020564,Hypertrophy,True
hypertrophy - type,C0332307,Type,True
hypervascular,C1512560,Hypervascular,True
hyperventilation,C0020578,Hyperventilation,True
hypervolemia,C0546817,Hypervolemia,True
hypochondriac,C0020604,Hypochondriasis,True
hypochondrium,C0230186,Hypochondrium,True
hypoglycemia,C0020615,Hypoglycemia,True
hyponatremia,C0020625,Hyponatremia,True
hypoperfusion,C0442856,Hypoperfusion,True
hypopharyngeal,C0020629,Hypopharyngeal,True
hypopharynx,C0020629,Hypopharynx,True
hypoplasia,C0243069,hypoplasia,True
hypoplastic,C0543481,Hypoplastic,True
hypotension,C0020649,Hypotension,True
hypotension - induced,C0020650,"Hypotension, Induced",True
hypotensive,C0857353,Hypotensive,True
hypotrophic,C4280392,Hypotrophic nose,True
hypoventilated,C0231928,hypoventilated,True
hypoventilation,C3203358,Hypoventilation,True
hypovolemia,C0546884,Hypovolemia,True
hypovolemic state,C1301808,State,True
hypoxemia,C0700292,Hypoxemia,True
hypoxia,C0242184,Hypoxia,True
hypoxic,C0242184,Hypoxic,True
hyropneumothorax,C0020303,Hydropneumothorax,True
hysterectomy,C1548863,Hysterectomy,True
i,C0439135,i,True
iatrogenic,C0439669,iatrogenic,True
ib,C0444976,Ib,True
ibp,C0064368,IBP,True
ic,C0282488,IC,True
ica,C0201519,ICA,True
iccd,C4321334,ICCD,True
icd,C0020725,ICD,True
icd - pacemaker,C0030163,pacemaker,True
icd - type,C0332307,Type,True
icd device,C0699733,Device,True
icu,C4554035,ICU,True
id,C0020786,Id,True
ideal,C1512612,Ideal,True
identical,C0205280,Identical,True
identifiable,C0205396,Identifiable,True
identification,C0205396,Identification,True
identified,C1550043,Identified,True
identity,C0424215,Identity,True
idiaphragms,C0011980,Respiratory Diaphragm,True
idiopathic,C0332240,Idiopathic,True
ies,C0451226,IES,True
if,C1720676,If,True
iia - svc ra,C0178837,RA,True
iincreased,C0205217,Increased,True
iinfiltrate,C0332448,Infiltration,True
ij - approach,C0449445,Approach,True
ij - brachiocephalic,C0006095,Structure of brachiocephalic vein,True
ij - ganz catheter,C0085590,Catheter,True
ij catheter,C0085590,Catheter,True
ij central,C1879652,Central -,True
ij central venous,C0042449,Venous,True
ij cv,C0280551,CV,True
ij cvc,C0725449,CVC,True
ij cvl,C2349087,CVL,True
ij ends,C0444930,ends,True
ij introducer,C0456642,Introducer,True
ij line,C0205132,Line,True
ij lines,C1548328,Lines,True
ij port - a - cath,C0227089,Deciduous maxillary right second molar tooth,True
ij sheath,C0009653,Sheath,True
ij swan,C0325528,Swan,True
ij tip,C1705504,TIP,True
ij vein,C0042449,Vein,True
ij venous,C0042449,Venous,True
ild,C0206062,ILD,True
ileocecal,C0700426,Ileocecal,True
ileocolic,C0450203,Ileocolic,True
ileostomy,C0020883,Ileostomy,True
ileum,C0020885,Ileum,True
ileus,C4019039,Ileus,True
iliac,C0020889,Iliac,True
iliacus,C0224418,Iliacus,True
ill,C0231218,ill,True
ill - defined,C3539106,Defined,True
ill - definition,C3539107,Definition,True
ill component,C0449432,Component,True
ill defined,C3539106,Defined,True
ill definition,C3539107,Definition,True
ill visualized,C0234621,Visualized,True
illicit,C0332266,Illicit,True
illl - defined,C3539106,Defined,True
illness,C0221423,Illness,True
im,C0442117,IM,True
image,C1846009,IMAGE,True
imaging,C0011923,Imaging,True
immature,C0205252,Immature,True
immediate,C0205548,Immediate,True
immediately,C0205548,Immediately,True
immediately above,C1282910,Above,True
immobility,C0231441,immobility,True
immune,C0439662,Immune,True
immunocompromise,C0085393,Immunocompromised Host,True
immunocompromised,C0085393,immunocompromised,True
immunosuppressed,C0085393,Immunosuppressed,True
immunosuppression,C4048329,Immunosuppression,True
immunosupression,C0021080,immunosupression,True
imp,C1264692,IMP,True
imp continuing to improve,C0184511,Improve,True
impact,C0726639,impact,True
impacted,C0040456,Impacted,True
impacted fracture,C0332714,Impacted fracture,True
impaction,C0040456,Impaction,True
impair flow,C0806140,Flow,True
impaired,C0221099,Impaired,True
impairment,C0684336,Impairment,True
impending,C0332190,Impending,True
implant,C0332837,Implant,True
implantable,C0021102,Implantable,True
implantation,C1711357,Implantation,True
implanted,C0021102,Implanted,True
implants,C0021102,Implants,True
important,C3898777,Important,True
impossible to assess,C1516048,Assess,True
impression,C0596764,Impression,True
impressions,C0596764,impressions,True
improve,C0184511,Improve,True
improved,C4084203,Improved,True
improved a little,C3889124,Little,True
improved position,C0733755,Position,True
improved positioning,C0733755,Positioning,True
improvemen,C2986411,Improvement,True
improvement,C2986411,Improvement,True
improvements,C2986411,Improvement,True
improves,C0184511,Improves,True
improving,C1272745,Improving,True
in,C1292298,IN,True
in - dwelling,C0442519,Dwelling,True
in - situ,C0444498,In situ,True
in 1 arm,C0446516,Arm,True
in acceptable position,C0733755,Position,True
in acceptable positions,C0733755,positions,True
in adequate position,C0733755,Position,True
in expected position,C0733755,Position,True
in extent,C0439792,Extent,True
in general,C0205246,General,True
in line,C0205132,Line,True
in part,C1709471,Part,True
in part technical,C0449851,Technical,True
in place,C1704765,Place,True
in place ends,C0444930,ends,True
in place position,C0733755,Position,True
in place really cannot be assessed,C1707258,Cannot be assessed,True
in placed,C1533810,Placed,True
in position,C1550045,In Position,True
in positions,C0733755,positions,True
in severity,C0439793,Severity,True
in side - port,C0452253,Port,True
in situ,C0444498,In situ,True
in standard position,C0733755,Position,True
in swan - ganz,C0325528,Genus Cygnus,True
in the expected position,C0733755,Position,True
in the expected positions,C0733755,positions,True
inactive,C3890554,Inactive,True
inadequate,C0205412,Inadequate,True
inappropriate,C3542467,Inappropriate,True
incarceration,C0205255,Incarceration,True
incidental,C0444507,Incidental,True
incipient,C0205256,Incipient,True
incision,C0332803,Incision,True
incision site,C0449681,Incision Site,True
included,C0332257,included,True
including,C0332257,Including,True
inclusion,C2700399,Inclusion,True
inclusions,C0007637,Inclusions,True
incompatibility,C0679426,incompatibility,True
incompetence,C0231189,Incompetence,True
incompetency,C0086455,Mental Incompetency,True
incomplete,C0205257,Incomplete,True
incompletely - visualized,C0234621,Visualized,True
incompletely assess,C1516048,Assess,True
incompletely assessed,C1516048,Assessed,True
incompletely characterized,C1880022,Characterized,True
incompletely evaluated,C0220825,Evaluated,True
incompletely visualized,C0234621,Visualized,True
incorrect,C3827420,Incorrect,True
increase,C0442805,Increase,True
increase in extent,C0439792,Extent,True
increased,C5236002,Increased,True
increased - likely,C0332148,likely,True
increased density,C5779786,Increased density,True
increased diffusion,C0012222,Diffusion,True
increased prominence,C0205217,Increased,True
increased risk,C4699158,Increased risk,True
increases,C0205217,Increases,True
increasing,C0442808,Increasing,True
increment,C1705117,Increment,True
incremental,C1705117,Incremental,True
ind,C0021248,IND,True
indentation,C0332467,Indentation,True
indentations,C0332467,indentations,True
indented,C0332467,Indented,True
indenting,C0332467,indenting,True
indents,C0332467,indents,True
independent,C1299583,Independent,True
indeterminate,C0205258,Indeterminate,True
indeterminate acuity,C0750509,acuity,True
indeterminate age,C0162574,AGE,True
indeterminate etiology,C1524003,Etiology,True
indeterminate in age,C0162574,AGE,True
indeterminate purpose,C1285529,Purpose,True
index,C0600653,Index,True
indication,C0392360,indication,True
indicator,C0021212,Indicator,True
indicators,C0021212,Indicators,True
indirect,C0439852,Indirect,True
individual,C0027361,Individual,True
indolent,C0234227,Indolent,True
induced,C0205263,Induced,True
induction,C0205263,Induction,True
indwelling,C0439848,Indwelling,True
ineffective,C3242229,ineffective,True
infarct,C0021308,Infarct,True
infarct - related,C0445223,Related,True
infarcted,C0333541,infarcted,True
infarction,C0021308,Infarction,True
infarctions,C0021308,Infarctions,True
infarcts,C0021308,INFARCTS,True
infected,C0439663,Infected,True
infection,C0009450,Infection,True
infections,C3714514,Infections,True
infectious,C0009450,Infectious,True
infectious process,C0745283,Infectious process,True
infectious symptoms,C1457887,Symptoms,True
inferio - medial,C0205098,Medial,True
inferior,C0542339,Inferior,True
inferior - approach,C0449445,Approach,True
inferior - most,C0205393,Most,True
inferior - most wire,C0005978,Wire,True
inferior aspect,C1879746,Aspect,True
inferior edge,C0205154,Edge,True
inferior edge of the image,C1846009,IMAGE,True
inferior extent,C0439792,Extent,True
inferior to it,C0677897,IT,True
inferior vena cava,C0042458,Inferior vena cava,True
inferolateral,C1179866,Inferolateral,True
inferolaterally,C1179866,Inferolateral,True
inferomedial,C1179867,Inferomedial,True
inferomedially,C1179867,Inferomedial,True
infiltrate,C0332448,Infiltrate,True
infiltrated,C0332448,infiltrated,True
infiltrates,C0332448,infiltrates,True
infiltrating,C0332448,Infiltrating,True
infiltration,C0332448,Infiltration,True
infiltrations,C0702249,Infiltrations,True
infiltrative,C4527217,Infiltrative,True
inflamed,C0333348,Inflamed,True
inflammation,C0021368,Inflammation,True
inflammatory,C0333348,Inflammatory,True
inflammmation,C0021368,Inflammation,True
inflation,C1318493,Inflation,True
inflow tract,C1185740,Tract,True
influenza,C0021400,Influenza,True
infra,C0542339,Infra-,True
infra - glenoid,C1179712,glenoid,True
infra - hilar,C0205150,Hilar,True
infracardiac,C0442098,Infracardiac,True
infraclavicular,C0230108,Infraclavicular,True
infrascapular,C4763259,Infrascapular line,True
infuse - a - port,C0452253,Port,True
infusion,C0574032,Infusion,True
infusion catheter,C0085590,Catheter,True
infusion port,C0452253,Port,True
ingested,C0232478,Ingested,True
ingestion,C0232478,Ingestion,True
inguinal,C0018246,inguinal,True
inhalation,C0004048,Inhalation,True
initial,C0205265,Initial,True
initially,C0205265,Initially,True
injectable,C0086466,Injectable,True
injection,C1533685,Injection,True
injections,C1828121,Injections,True
injured,C0332664,injured,True
injuries,C3263723,Injuries,True
injury,C3263722,Injury,True
inlet,C3179046,Inlet,True
inlets,C3179046,Inlets,True
inner,C0205102,Inner,True
innominate - internal,C5703235,Internal,True
innominate vein,C0006095,Innominate vein,True
insensitive,C3645614,Case insensitive,True
inserted,C0441587,Inserted,True
insertion,C0441587,Insertion,True
insertion site,C0449682,Insertion site,True
insertions,C0441587,insertions,True
inserts,C0813036,Inserts,True
inside,C0205102,Inside,True
inspiration,C0004048,Inspiration,True
inspirational effort,C0015264,Effort,True
inspiratory,C0004048,Inspiratory,True
inspiratory effort,C0015264,Effort,True
inspissated,C0333120,inspissated,True
instability,C1444783,Instability,True
instinct,C0021619,Instinct,True
instrument,C5574858,Instrument,True
instrumentation,C1704339,Instrumentation,True
instruments,C4551823,instruments,True
insufficiency,C0231179,Insufficiency,True
insufficient,C0231180,Insufficient,True
insufflation,C0021634,Insufflation,True
insulin,C4721402,Insulin,True
intact,C1554187,Intact,True
intact - appearing,C0205266,Intact,True
integrity,C0872403,integrity,True
intended,C1551357,intended,True
intense,C0522510,Intense,True
intensity,C0522510,intensity,True
intentional,C1283828,Intentional,True
inter,C0205103,Inter-,True
inter - lobar,C1522010,Lobar,True
inter - rib,C0035561,Rib,True
intercostal,C5686136,Intercostal,True
intercostal plane,C0444660,Plane,True
interest,C0543488,Interest,True
interface,C1708533,Interface,True
interim,C2827738,Interim,True
interlobar,C1512855,Interlobar,True
intermediate,C5202835,Intermediate,True
intermittent,C0205267,Intermittent,True
intern,C1144859,intern,True
internal,C5703235,Internal,True
internal jugular,C0501123,Left internal jugular vein,True
internal jugular central venous,C0042449,Venous,True
internal jugular venous,C0042449,Venous,True
internally,C0205102,Internally,True
interposition,C1283076,Interposition - action,True
interpretation,C0459471,Interpretation,True
interrupted,C1512900,Interrupted,True
interrupting,C0443239,interrupting,True
interruption,C0332453,interruption,True
intersect,C1555443,intersect,True
intersection,C2697794,Intersection,True
intersitial marking,C0522501,marking,True
interstial,C0596790,interstitial,True
interstitia,C0596790,interstitial,True
interstitial,C0596790,interstitial,True
interstitial - pattern,C3671966,Interstitial pattern,True
interstitium,C2328510,Interstitium,True
interstium,C2328510,Interstitium,True
interval,C1272706,Interval,True
interval t11,C1705087,T11,True
intervals,C1272706,intervals,True
intervention,C0184661,Intervention,True
interventional,C0184661,Interventional,True
interventions,C0886296,interventions,True
intervertebral,C0442106,Intervertebral,True
intestinal,C0021853,Intestinal,True
intestine,C0021853,intestine,True
intestines,C0021853,Intestines,True
intima,C0162864,Intima,True
into,C0332286,Into,True
intra,C0347985,Intra,True
intra - abdominal,C0000726,abdominal,True
intra - alveolar,C1440080,Alveolar,True
intra - aortic,C0003483,Aortic,True
intra - arterial,C0003842,Arterial,True
intra - articular,C0022417,Articular,True
intra - atrial,C0018792,Atrial,True
intra - bronchial,C0205039,Bronchial,True
intra - hilar,C0205150,Hilar,True
intra - intrathoracic,C0595836,Intrathoracic,True
intra - lobar,C1522010,Lobar,True
intra - operative,C0456904,Intra-operative,True
intra - peritoneal,C0442034,Peritoneal,True
intra - pulmonary,C4522268,Pulmonary,True
intra - thoracic,C0817096,Thoracic,True
intra aortic,C0003483,Aortic,True
intra thoracic,C0817096,Thoracic,True
intra to abduction,C0231456,Abduction,True
intraabdominal,C0230168,Intraabdominal,True
intraarticular,C5241184,Intraarticular,True
intrabronchial,C1512914,Intrabronchial,True
intracardiac,C0729936,Intracardiac,True
intracavitary,C1298613,Intracavitary,True
intracellulare,C0175996,Protoplasm,True
intracranial,C0524466,Intracranial,True
intragastric,C1522215,Intragastric,True
intrahepatic,C1512948,Intrahepatic,True
intralobular,C5818485,Intralobular,True
intraluminal,C1522217,Intraluminal,True
intramedullary,C2732619,Intramedullary,True
intramural,C0205102,Intramural,True
intramuscular,C1556154,INTRAMUSCULAR,True
intraoperative,C0456904,Intraoperative,True
intraparenchymal,C5667459,Intraparenchymal,True
intrapericardial,C2960799,Intrapericardial,True
intraperitoneal,C4760449,Intraperitoneal,True
intrapleural,C3282906,Intrapleural,True
intrapulmonary,C1522224,Intrapulmonary,True
intraspinal,C1522227,Intraspinal,True
intrathecal,C0677897,Intrathecal,True
intrathoracic,C0595836,Intrathoracic,True
intratracheal,C1522653,Intratracheal,True
intravascular,C2960476,Intravascular,True
intravenous,C1522726,Intravenous,True
intraventricular,C1517569,Intraventricular,True
intrinsic,C0439674,Intrinsic,True
introducer,C0456642,Introducer,True
introducer sheath,C0009653,Sheath,True
introduction,C1875307,Introduction,True
introduction sheath,C0009653,Sheath,True
introduction sheet,C4282183,[AA000] INTRODUCTION,True
intubated,C4698386,Intubated,True
intubation,C0021925,Intubation,True
intussusception,C0221224,Intussusception,True
invaded,C1517574,Invaded,True
invasion,C2699153,Invasion,True
invasive,C0205281,Invasive,True
inversion,C0021945,Inversion,True
inverted,C2349984,Inverted,True
investigation,C1261322,Investigation,True
involuted,C0700186,involuted,True
involution,C0333953,Involution,True
involved,C1314939,Involved,True
involvement,C1314939,Involvement,True
inward,C0439786,Inward,True
iodine,C0021968,Iodine,True
ion,C5848152,ION,True
ip,C0021171,IP,True
ipf,C0034069,IPF,True
iph c,C3715096,C,True
iph s / p,C0439115,P,True
ipsilateral,C0441989,Ipsilateral,True
ir,C4724044,IR,True
ir - fluid level,C0456079,Level,True
iron,C0302583,Iron,True
irradiated,C1522449,Irradiated,True
irradiation,C1522449,Irradiation,True
irregular,C0205271,Irregular,True
irregularly,C0425589,Heart irregularly irregular,True
irregularly - shaped,C0332479,shaped,True
irreversible,C0750966,Irreversible Coma,True
irritant,C4521960,Irritant,True
irritation,C1706307,Irritation,True
is,C1840264,IS,True
is side - port,C0452253,Port,True
ischemia,C0022116,Ischemia,True
ischemic,C0475224,Ischemic,True
island,C0022130,Island,True
islands,C0022130,Islands,True
isolated,C0205409,Isolated,True
issue,C0033213,Issue,True
isthmus,C0175192,isthmus,True
it,C0677897,IT,True
it ' ll,C4554676,LL,True
it ' s,C0439118,S,True
it ss,C1552161,Ss,True
itchy,C0033774,Itchy,True
item,C1551338,Item,True
its side port,C0452253,Port,True
iv,C0677510,IV,True
iv access,C5214472,IV access,True
ivc,C4085887,IVC,True
ivc ra,C0178837,RA,True
j,C0227094,J,True
j - tube,C1522195,J-Tube,True
jaundice,C0022346,Jaundice,True
jejunal,C0022378,Jejunal,True
jejunostomy,C0022377,Jejunostomy,True
jejunum,C0022378,Jejunum,True
jewelry,C0336902,Jewelry,True
jiroveci,C5356123,Jirovecia,True
joint,C0022417,Joint,True
joint space,C0224497,Joint space,True
joints,C0392905,Joints,True
jp,C0031106,JP,True
jp drain,C0180499,Drain,True
jug,C1706197,Jug,True
jugular - approach,C0449445,Approach,True
jugular vein,C0022427,Jugular Vein,True
junction,C0205144,Junction,True
junction of subclavian,C0589488,Subclavian,True
junctional,C0205144,Junctional,True
just placed,C1533810,Placed,True
juxta,C0205117,Juxta-,True
juxta - esophageal,C1522619,Esophageal,True
juxta - hilar,C0205150,Hilar,True
juxta - mediastinal,C0025066,Mediastinal,True
jvd,C0425687,JVD,True
jvp,C0428897,JVP,True
k,C0227104,K,True
kawasaki,C0026691,Kawasaki,True
kerley lines,C1548328,Lines,True
kernel,C1881303,Kernel,True
ketoacidosis,C0220982,Ketoacidosis,True
key,C1706198,Key,True
kidney,C0022646,Kidney,True
kidneys,C0022646,Kidneys,True
kink,C0333177,kink,True
kinked,C0333177,Kinked,True
kinking,C0851256,Kinking,True
kinks,C0333177,kinks,True
kiss,C0233926,kiss,True
klebsiella,C0519030,Klebsiella,True
knee,C1963703,Knee,True
knees,C0022742,knee(s),True
knob,C1708612,Knob,True
knot,C1411926,knot,True
known,C0205309,Known,True
knuckle,C0025525,Knuckle,True
kyphoplasty,C1455863,Kyphoplasty,True
kyphoscoliosis,C0575158,Kyphoscoliosis,True
kyphosis,C0022821,Kyphosis,True
l,C0227103,L,True
l - 10th rib,C0035561,Rib,True
l - defined,C3539106,Defined,True
l - shaped,C0332479,shaped,True
l - sided,C0023401,leucine,True
l - spine,C3887615,L Spine,True
l 2nd,C0205436,2nd,True
l > r,C0439117,R,True
l glenoid,C1179712,glenoid,True
l hd cath,C0023401,leucine,True
l ij line,C0205132,Line,True
l lining,C0205132,lining,True
l pacer,C3470541,PACER,True
l picc,C0179740,picc,True
l1,C1179698,L1,True
l1 - 2,C0227033,2,True
l1 - l2,C1179699,L2,True
l2,C1179699,L2,True
l2 through l4,C0223537,L4,True
l3,C1179700,L3,True
l4,C0223537,L4,True
l5,C0223552,L5,True
la,C0023121,LA,True
lab,C0022877,Lab,True
labored,C4068782,Labored,True
labrum,C1185781,Labrum,True
lac,C1416808,LAC,True
lace - like,C0870814,Like,True
laced,C0453991,laced,True
laceration,C0043246,Laceration,True
lacerations,C0043246,Lacerations,True
lack,C0332268,lack,True
lactate,C0376261,Lactate,True
lactulose,C0022957,Lactulose,True
lad,C0226032,LAD,True
lamellated,C0682560,Lamellar bone,True
lamina,C0920995,lamina,True
laminar,C0205274,Laminar,True
laminated,C0205274,Laminated,True
laminectomies,C0022983,Laminectomies,True
laminectomy,C0022983,Laminectomy,True
land,C0557668,land,True
langerhans,C0023005,Langerhans cell,True
langerhans cell,C0023005,Langerhans' cell,True
lap,C0456170,LAP,True
lap - band,C0175723,Band,True
lap band,C0175723,Band,True
laparoscopic,C0031150,Laparoscopic,True
laparoscopy,C0031150,Laparoscopy,True
laparotomies,C0023038,Laparotomies,True
laparotomy,C0023038,Laparotomy,True
large,C5890938,LARGE,True
large - bore,C2945608,Bore,True
large - bowel,C0021851,Large bowel,True
large - scale,C5444316,SCALE:*,True
large - sized,C0549177,Large,True
large - to - moderate,C0549177,Large,True
large - volume,C1705102,Volume,True
large amount,C3869890,Large amount,True
large degree,C0449286,Degree,True
large effusions,C0013687,Effusions,True
large interval,C1272706,Interval,True
large part,C1709471,Part,True
large scale,C5444316,SCALE:*,True
large volume,C1705102,Volume,True
largely resolved,C1514893,Resolved,True
largely to fat,C0015677,Fat,True
larger,C1704243,Larger,True
largest,C0443228,Largest,True
laryngeal,C0023078,Laryngeal,True
laryngitis,C0023067,Laryngitis,True
laryngoscopy,C0023072,Laryngoscopy,True
laryngospasm,C0023066,Laryngospasm,True
larynx,C0023078,Larynx,True
lasix,C0699992,Lasix,True
last,C1517741,Last,True
last one,C5201140,One,True
last port,C0452253,Port,True
last side,C0441987,Side,True
last side port,C0452253,Port,True
lat,C0023121,LAT,True
late,C0205087,Late,True
latent,C0205275,Latent,True
later,C0205087,Later,True
lateral,C0205093,Lateral,True
lateral - 7th,C0205093,Lateral,True
lateral - most,C0205393,Most,True
lateral - most component,C0449432,Component,True
lateral - shift,C0333051,Shift,True
lateral structures,C0678594,structures,True
laterality,C0332304,Laterality,True
lateralventricle,C0152279,Lateral ventricle structure,True
latter catheter,C0085590,Catheter,True
lavage,C0022100,Lavage,True
laxity,C0332536,Laxity,True
layer,C1522408,Layer,True
layered,C0934502,Layered,True
layering,C0934502,layering,True
layering effusion,C0013687,Effusion,True
layers,C0934502,layers,True
lch,C0019621,LCH,True
ld,C0011911,LD,True
ld 8 d,C3843456,D,True
lead,C0023175,Lead,True
lead ends,C0444930,ends,True
lead pacer,C3470541,PACER,True
lead position,C0733755,Position,True
lead tip,C1708663,Lead Tip,True
lead tips,C0339897,TIPS,True
leading,C0332152,Leading,True
leads,C0181586,Leads,True
leads end,C2746065,End,True
leak,C0332234,Leak,True
leakage,C0015376,Leakage,True
leaking,C0332234,Leaking,True
leaves,C0242724,Leaves,True
leaving,C1706081,Leaving,True
left,C0443246,Left,True
left - 10th,C0205444,10th,True
left - 3rd,C0205437,3rd,True
left - 7th,C0205091,Left,True
left - and infrahilar,C0205091,Left,True
left - approach,C0449445,Approach,True
left - pectoral,C1521735,Pectoral,True
left - region,C0205147,Region,True
left - side,C0205091,Left side,True
left - sided,C0443246,Left-Sided,True
left - sighted,C0205091,Left,True
left - ward,C1305702,Ward,True
left arm,C5779993,Left Arm,True
left side,C0205091,Left side,True
left side port,C0452253,Port,True
left sided,C0443246,Left-Sided,True
leftward,C5570776,Leftward,True
leg,C0023216,Leg,True
leg up,C1293899,Leg up,True
legionella,C0023237,Legionella,True
length,C1444754,Length,True
lens,C0023317,Lens,True
lens shape,C0522512,Shape,True
lentiform - shaped,C0332479,shaped,True
lesion,C0221198,Lesion,True
lesions,C0221198,Lesions,True
less,C0547044,Less,True
less - defined,C3539106,Defined,True
less - likely,C0332148,likely,True
less apparent,C0750489,apparent,True
less but mild,C0547044,Less,True
less confluent,C0205200,Confluent,True
less defined,C3539106,Defined,True
less definition,C3539107,Definition,True
less dense,C0439794,Dense,True
less detail,C1522508,Detail,True
less distended,C0700124,Distended,True
less easy to determine,C0521095,Determine,True
less extension,C1880641,Extension,True
less extensive,C0205231,Extensive,True
less hazy,C0205406,Hazy,True
less homogeneous,C1881065,Homogeneous,True
less important,C3898777,Important,True
less intense,C0522510,Intense,True
less marked,C0547044,Less,True
less obvious,C5706969,Obvious,True
less prominent,C0205402,Prominent,True
less severe,C0547044,Less,True
less shifted,C0333051,shifted,True
less tapered,C0441640,tapered,True
less than,C0439092,Less Than,True
less than %,C0439092,Less Than,True
less than 1 centimeter,C0475210,Centimeter,True
less than complete,C1706059,Complete,True
less than half,C5549016,Less than half,True
less than optimal,C2698651,Optimal,True
less visible,C0205379,Visible,True
less visualized,C0234621,Visualized,True
less well defined,C3539106,Defined,True
less well seen,C0205397,seen,True
less well visualized,C0234621,Visualized,True
less wide,C5980933,Wide,True
lesser,C0547044,Lesser,True
lesser degree,C0449286,Degree,True
lesser extent,C0439792,Extent,True
let,C0086562,LET,True
lethargy,C0023380,Lethargy,True
leukemia,C0023418,Leukemia,True
leukemic,C0877858,Aleukemic leukemia,True
leukocytosis,C0023518,Leukocytosis,True
leukostasis,C0282548,Leukostasis,True
level,C0456079,Level,True
level junction,C0205144,Junction,True
level t7,C1179691,T7,True
levels,C0441889,Levels,True
levo,C0205091,Levo-,True
levo - convex,C0521163,convex,True
levoscoliosis,C3494892,Levoscoliosis,True
lfts,C0023901,LFT's,True
library,C0023621,Library,True
lift,C0181620,Lift,True
lifting,C0206244,Lifting,True
ligament,C0023685,Ligament,True
ligamentous,C0521342,ligamentous,True
ligaments,C0023685,Ligaments,True
ligamentum,C3241921,Round Ligament,True
ligation,C0023690,Ligation,True
light,C3842678,Light,True
lightening,C1306868,Lightening,True
lightly,C1881376,Lightly,True
lij catheter,C0085590,Catheter,True
lij central line,C0205132,Line,True
lij line,C0205132,Line,True
like,C0870814,Like,True
likelihood,C0033204,Likelihood,True
likely,C0332148,likely,True
lima,C1047251,lima,True
limb,C0015385,Limb,True
limbs,C0015385,Limbs,True
limit,C0439801,Limit,True
limitation,C0443288,Limitation,True
limitations,C0449295,limitations,True
limited,C0439801,Limited,True
limited assessment,C1516048,Assessment,True
limited evaluation,C1261322,Evaluation,True
limited exam,C0582103,Exam,True
limited study,C0557651,Study,True
limited technique,C0449851,Technique,True
limiting,C0439801,limiting,True
limiting assessment,C1516048,Assessment,True
limits,C0439801,limits,True
limits assessment,C1516048,Assessment,True
limits evaluation,C1261322,Evaluation,True
limits for technique,C0449851,Technique,True
limits sensitivity of the exam,C0582103,Exam,True
limits the assessment,C1516048,Assessment,True
limits the image,C1846009,IMAGE,True
line,C0205132,Line,True
line ends,C0444930,ends,True
linear,C0205132,Linear,True
linear - appearing,C0205132,Linear,True
linear - like,C0870814,Like,True
linear - type,C0332307,Type,True
linear density,C0178587,Density,True
linear due,C3146286,Due,True
linear form,C0348078,Form,True
linear shaped,C0332479,shaped,True
linear structures,C0678594,structures,True
liner,C0181663,Liner,True
lines,C1548328,Lines,True
ling,C0452995,Ling,True
lings,C0452995,lings,True
lingua,C0040408,Lingua,True
lingual,C2349948,Lingual,True
lingula,C0225740,Lingula,True
lingula - sparing,C0225740,Lingula of left lung,True
lingulectomy,C0396576,Lingulectomy,True
lining,C0205132,lining,True
linx,C1825624,LINX,True
lip,C0264511,LIP,True
lipids,C0023779,Lipids,True
lipoma,C0023798,Lipoma,True
lipomatosis,C0023804,Lipomatosis,True
liposarcoma,C0023827,Liposarcoma,True
little,C3889124,Little,True
little a high,C5202936,High,True
little by little,C3889124,Little,True
little change,C0392747,Change,True
little changed,C0443172,Changed,True
little difference,C1705242,Difference,True
little if any,C1720676,If,True
little interval,C1272706,Interval,True
little overall change,C0392747,Change,True
little significant change,C0392747,Change,True
litttle,C0700321,Small,True
liver,C0023884,Liver,True
ll,C4554676,LL,True
lns,C0023374,LNS,True
lo,C3502054,LO,True
load,C1704782,Load,True
loading,C1708715,Loading,True
lobar,C1522010,Lobar,True
lobe,C0796494,lobe,True
lobectomy,C0023928,Lobectomy,True
lobes,C0796494,lobes,True
lobular,C0205417,Lobular,True
lobular - shaped,C0332479,shaped,True
lobulated,C5970375,Lobulated,True
lobus,C0796494,Lobus,True
local,C0205276,Local,True
local a worse,C1457868,Worse,True
localization,C0475264,Localization,True
localize,C0392752,localize,True
localized,C0392752,Localized,True
localizing,C0392752,localizing,True
locally,C1517927,Locally,True
located,C0332285,Within,True
location,C1515974,Location,True
locations,C0450429,locations,True
locular,C0205277,Locular,True
loculate,C0205277,loculate,True
loculated,C0205277,Loculated,True
loculated collection,C0600644,Collection,True
loculated component,C0449432,Component,True
loculated fluid,C0444611,Fluid,True
loma,C1018105,Loma,True
long,C1706317,Long,True
long - standing,C0231472,Standing,True
long - term,C0443252,Long-Term,True
long course,C0750729,Course,True
long term,C0443252,Long-Term,True
longest,C1522425,Longest,True
longitudinal,C0205127,Longitudinal,True
longitudinaly,C0205127,Longitudinal,True
loop,C0445022,Loop,True
looping back,C0205095,Back,True
loops,C0181687,loops,True
loose,C0205407,Loose,True
loose bodies,C0242821,bodies,True
loose body,C0701805,Loose body,True
loosening,C0333050,Loosening,True
lordosis,C0599412,lordosis,True
lordotic,C4298964,lordotic,True
lordotic - like,C0870814,Like,True
loss,C5890125,Loss,True
loss of definition,C3539107,Definition,True
lost,C0745777,Lost,True
lot,C1518000,Lot,True
love,C0024028,Love,True
low,C5203106,Low,True
low - attenuation,C0599946,Attenuation,True
low - consider,C0750591,consider,True
low - density,C5819598,Low density,True
low - grade,C0475269,Low Grade,True
low - inspiratory,C0004048,Inspiratory,True
low - lying,C0600261,Lying,True
low - normal,C1550457,Normal,True
low - positioned,C0205251,low,True
low - svc,C0231957,svc,True
low - thoracic,C0817096,Thoracic,True
low - volume,C1705102,Volume,True
low 1,C2827734,1+,True
low density,C5819598,Low density,True
low risk,C5202762,Low Risk,True
low svc,C0231957,svc,True
low volume,C1705102,Volume,True
low x - ray,C0043309,X-ray,True
lowe,C1403208,Lowe,True
lower,C1548802,Lower,True
lower - lung,C4037972,Lung,True
lower - mid,C0444598,Mid,True
lower - most,C0205393,Most,True
lower - most lateral,C0205093,Lateral,True
lower - thoracic,C0817096,Thoracic,True
lower edge,C0205154,Edge,True
lower half,C2825407,Half,True
lower lobe,C0225758,Lower Lobe,True
lower margin,C0205284,Margin,True
lower most portion,C0449719,Portion,True
lower part,C1709471,Part,True
lower side,C0441987,Side,True
lower t - spine,C0037949,Spine,True
lowered,C1272755,Lowered,True
lowest,C1708760,Lowest,True
lozenge,C0991564,Lozenge,True
lpo,C1416903,LPO,True
ls,C1556111,Ls,True
lsc,C1517807,LSC,True
lt,C4521399,LT,True
lucency,C5237319,Bone Lucency,True
lucent area,C0017446,Area,True
lul - s / p,C0439115,P,True
lumbar,C0024090,Lumbar Region,True
lumbosacral,C0450206,Lumbosacral,True
lumen,C1551056,Lumen,True
lumens,C0524461,lumens,True
luminal,C0524462,Luminal,True
lumpectomies,C0851238,Lumpectomies,True
lumpectomy,C0851238,Lumpectomy,True
lunate,C0036624,Lunate,True
lung,C4037972,Lung,True
lungs,C0024109,Lung,True
lupus,C0409974,Lupus,True
luq,C0230179,LUQ,True
luxation,C0332767,Luxation,True
lying,C0600261,Lying,True
lymph,C0024202,Lymph,True
lymph lines,C1548328,Lines,True
lymph nj,C0027971,NJ,True
lymph node,C0024204,Lymph Node,True
lymph nodes,C0024204,Lymph Nodes,True
lymphadenopathies,C0497156,Lymphadenopathies,True
lymphadenopathy,C0497156,Lymphadenopathy,True
lymphangiographic,C0181698,Lymphangiographic Kits,True
lymphangioleiomyomatosis,C0751674,Lymphangioleiomyomatosis,True
lymphangiomyomatosis,C0751674,Lymphangiomyomatosis,True
lymphangitic,C0024225,Lymphangitis,True
lymphangitis,C0024225,Lymphangitis,True
lymphatic,C0229889,Lymphatic,True
lymphatic spread,C1334459,Lymphatic Spread,True
lymphatics,C0024235,Lymphatics,True
lymphedema,C0024236,Lymphedema,True
lymphocytic,C2939172,Lymphocytic,True
lymphogram,C0024219,Lymphogram,True
lymphohistiocytosis,C0877564,lymphohistiocytosis,True
lymphoma,C0024299,Lymphoma,True
lymphomatous,C0024299,Lymphomatous,True
lymphovascular,C1518090,Lymphovascular,True
lymphs,C0024202,Lymphs,True
lysis,C0024348,Lysis,True
lytic,C0024348,Lytic,True
m,C0227102,M,True
ma,C4761455,MA,True
mac,C3496579,MAC,True
macro,C2984010,Macro,True
macroscopic,C0439806,Macroscopic,True
made it past,C1444637,Past,True
magnets,C0024483,Magnets,True
magnification,C4489445,Magnification,True
magnitude,C0449286,magnitude,True
main,C0205225,Main,True
main - stem,C1184743,Stem,True
maintained,C1314677,Maintained,True
maintenance,C0024501,Maintenance,True
major,C4521762,Major,True
major fissure,C0929208,Major fissure,True
majority,C0680220,majority,True
make,C1881534,Make,True
maker,C0554244,Maker,True
mal - aligned,C1706765,Aligned,True
mal - placed,C1533810,Placed,True
mal - positioned,C0024551,Malayalam language,True
malacia,C0024524,Malacia,True
malaligned,C1275957,Malaligned,True
malalignment,C1275957,Malalignment,True
malalignments,C0206231,Bone Malalignment,True
malaria,C0024530,Malaria,True
male,C0086582,Male,True
malformation,C0000768,malformation,True
malformations,C0243070,malformations,True
malfunction,C5200924,Malfunction,True
malignancies,C0006826,Malignancies,True
malignancy,C0006826,Malignancy,True
malignant,C0205282,Malignant,True
mall,C1416990,MALL,True
mallet,C0181716,MALLET,True
malnutrition,C0162429,Malnutrition,True
malposition,C0333042,Malposition,True
malpositioned,C0333042,Malpositioned,True
malpositioning,C0333042,malpositioning,True
malpositionned,C0333042,Malposition,True
malrotated,C4086563,Malrotated,True
malrotation,C0221210,Malrotation,True
mammary,C0006141,Mammary,True
mammoplasty,C0085076,Mammoplasty,True
mammoth,C1082101,Mammoth,True
man,C0025266,Man,True
mandible,C0024687,Mandible,True
mandibular,C0024687,Mandibular,True
manifest,C0205319,Manifest,True
manifestation,C1280464,manifestation,True
manifestations,C1280464,manifestations,True
manipulation,C0947647,Manipulation,True
manipulations,C0185111,MANIPULATIONS,True
manometer,C2720530,Manometer,True
manometry,C0024751,Manometry,True
manual,C0024763,Manual,True
manubrium,C0024764,Manubrium,True
many,C0439064,Many,True
many times,C5975557,TIMES,True
marble,C0205689,Marble,True
mare,C3811169,MARE,True
margin,C0205284,Margin,True
marginal,C1947914,Marginal,True
marginated,C0442812,marginated,True
margination,C0332473,Margination,True
mark,C1708936,Mark,True
marked,C0522501,Marked,True
marked - to - moderate,C0205081,Moderate (severity modifier),True
markedly,C0522501,Markedly,True
markedly limited,C3845317,Markedly limited,True
marker,C5445211,Marker,True
markers,C2745888,Markers,True
market,C1318228,Market,True
marking,C0522501,marking,True
markings,C0522501,markings,True
marks,C0522501,marks,True
marrow,C0086590,Marrow,True
mask,C0024861,Mask,True
masked,C0150108,masked,True
masking,C5780863,Masking,True
mass,C0577559,Mass,True
mass - effect,C4086564,Mass Effect,True
mass - like,C0870814,Like,True
mass - like quality,C0332306,Quality,True
mass effect,C4086564,Mass Effect,True
mass lesion,C0746408,mass lesion,True
mass lesions,C0221198,Lesions,True
mass like quality,C0332306,Quality,True
masse,C0728811,masse,True
massive,C0522501,Massive,True
massively,C0522501,Massively,True
mastectomies,C0024881,Mastectomies,True
mastectomy,C1546422,Mastectomy,True
mastoid,C0446908,Mastoid,True
mastopexy,C0191918,Mastopexy,True
matched,C1708943,Matched,True
matches,C0336766,Matches,True
matching,C1708943,Matching,True
material,C0520510,Material,True
materials,C0520510,Materials,True
matrix,C4319583,Matrix,True
maturation,C0678723,Maturation,True
max,C4760036,Max,True
maxilla,C0024947,Maxilla,True
maxillary,C0024947,Maxillary,True
maximal,C0205289,Maximal,True
maximum,C0806909,Maximum,True
mca,C0149566,MCA,True
mctd,C0026272,MCTD,True
md,C0022716,MD,True
md svc,C0231957,svc,True
mdi,C0993596,MDI,True
mds,C0265219,MDS,True
meal,C1998602,Meal,True
mean,C0444504,Mean,True
measurable,C1513040,Measurable,True
measured,C0444706,Measured,True
measurement,C0242485,Measurement,True
measurements,C0242485,measurements,True
mechanical,C0443254,Mechanical,True
mechanical fall,C0085639,Fall,True
mechanics,C0376706,Mechanics,True
med,C4321267,MED,True
media,C0009458,Media,True
medial,C0205098,Medial,True
medial course,C0750729,Course,True
medial margin,C4489135,Medial margin,True
medial position,C0733755,Position,True
medial side,C0441987,Side,True
medial to the above,C1282910,Above,True
medial turn,C0541749,turn,True
median,C2939193,Median,True
mediastinal,C0025066,Mediastinal,True
mediastinitis,C0025064,Mediastinitis,True
mediastinoscopy,C0025065,Mediastinoscopy,True
mediastinoscopy - related,C0445223,Related,True
mediastinotomy,C0198402,Mediastinotomy,True
mediastinum,C0025066,Mediastinum,True
mediastinum2,C0025066,Mediastinum,True
mediastinumn,C0025066,Mediastinum,True
medical,C0199168,Medical,True
medication,C0013227,Medication,True
medicine,C0013227,Medicine,True
medio - basal,C0205112,Basal,True
medium,C4522282,Medium,True
medium - sized,C0009458,Communications Media,True
medulla,C0025148,medulla,True
medullary,C0001629,Medullary,True
megacolon,C0025160,Megacolon,True
melanoma,C0025202,Melanoma,True
meningioma,C0025286,Meningioma,True
meningitis,C0025289,Meningitis,True
meniscus,C2315938,Meniscus,True
mental,C0229992,MENTAL,True
mentum,C0008114,Mentum,True
mesenteric,C0025474,Mesenteric,True
mesh,C0181805,Mesh,True
mesh - like,C0870814,Like,True
mesh stent,C0038257,Stent,True
mesothelioma,C3714739,Mesothelioma,True
met,C5551868,Met,True
meta,C1042496,meta,True
metabolic,C1524026,Metabolic,True
metal,C0025552,Metal,True
metal stent,C0441290,Metal stent,True
metallic,C2986473,Metallic,True
metallic - type,C0332307,Type,True
metaphysis,C0222671,Metaphysis,True
metastases,C2939419,Metastases,True
metastasis,C0027627,Metastasis,True
metastasis - suspected,C0750491,Suspected,True
metastasized,C0027627,metastasized,True
metastatases,C0027627,Neoplasm Metastasis,True
metastatic,C0036525,Metastatic,True
metatarsal,C0025584,Metatarsal,True
methotrexate,C0025677,Methotrexate,True
methylmethacrylate,C0066409,Methylmethacrylate,True
mets,C1705694,METS,True
mg,C0026896,MG,True
mi,C0027051,MI,True
micro,C1553035,Micro,True
micro - nodular,C0205297,Nodular,True
micro - nodularity,C0449579,Nodularity,True
micro - nodulation,C1160630,nodulation,True
microcalcifications,C0521174,microcalcifications,True
microorganisms,C0445623,Microorganisms,True
mid,C0444598,Mid,True
mid - abdomen,C0230167,mid abdomen,True
mid - axillary,C0004454,Axillary,True
mid - body,C3669046,Mid-body,True
mid - chest,C0817096,Chest,True
mid - clavicles,C0008913,Clavicles,True
mid - clavicular,C0008913,Clavicular,True
mid - distal,C0205108,Distal,True
mid - esophageal,C1522619,Esophageal,True
mid - esophagus,C0014876,Esophagus,True
mid - gastric,C0038351,Gastric,True
mid - heart,C0018787,Heart,True
mid - hemithorax,C1827591,Hemithorax,True
mid - high,C4522209,High,True
mid - left,C0444598,Mid,True
mid - line,C0205132,Line,True
mid - low,C0205251,Low,True
mid - lower,C0444598,Mid,True
mid - lung,C4037972,Lung,True
mid - portion,C0449719,Portion,True
mid - right,C0444598,Mid,True
mid - segment,C0441635,Segment,True
mid - shaft,C0337141,Shaft,True
mid - sternal,C0038293,Sternal,True
mid - sternum,C0038293,Sternum,True
mid - superior,C1282910,Superior,True
mid - superior vena cava,C0042460,Vena Cava,True
mid - svc,C0231957,svc,True
mid - thoracic,C0817096,Thoracic,True
mid - thorax,C0817096,Thorax,True
mid - to - distal,C0205108,Distal,True
mid - to - low,C0205251,Low,True
mid - to - lower,C0444598,Mid,True
mid - to - proximal,C4489236,Proximal,True
mid - to - upper,C0444598,Mid,True
mid - trachea,C0040578,Trachea,True
mid - upper,C0444598,Mid,True
mid - zone,C0442003,Mid-zone,True
mid - zones,C0444598,Middle,True
mid clavicle,C0008913,Clavicle,True
mid course,C0750729,Course,True
mid level,C0456079,Level,True
mid svc,C0231957,svc,True
mid t - spine,C0037949,Spine,True
mid thoracic,C0817096,Thoracic,True
mid to distal,C0205108,Distal,True
mid to low,C0205251,Low,True
mid to lower,C0444598,Mid,True
mid to upper,C0444598,Mid,True
mid vena cava,C0042460,Vena Cava,True
mid2,C1417168,MID2,True
midaxillary,C0442126,Midaxillary,True
midclavicular,C0442127,Midclavicular,True
middle,C0444598,Middle,True
middle - to - distal,C0205108,Distal,True
middle part,C1709471,Part,True
middle third,C0442050,Middle third,True
midline,C0549183,Midline,True
midlines,C0549183,midlines,True
migrated,C0232902,migrated,True
migrates,C0232902,migrates,True
migrating,C0232902,migrating,True
migration,C1533574,Migration,True
mild,C2945599,Mild,True
mild ' s ' shaped,C0332479,shaped,True
mild - by,C1547225,Mild Severity of Illness Code,True
mild - mod,C0011860,MOD,True
mild - mod edema,C0013604,Edema,True
mild - moderate,C1299392,mild moderate,True
mild - moderately,C4085643,Moderately,True
mild - to - moderate,C1299392,Mild to moderate,True
mild - to - moderately,C4085643,Moderately,True
mild - to - severe,C1547225,Mild Severity of Illness Code,True
mild degree,C0449286,Degree,True
mildly,C2945599,Mildly,True
mildly - enlarged,C5425894,Mildly enlarged,True
mildly - to - moderately,C4085643,Moderately,True
mildly increased,C5236002,Increased,True
mildly to moderately,C4085643,Moderately,True
mildly worsened,C1457868,Worsened,True
mildto - moderate,C0205081,Moderate (severity modifier),True
mile,C0331865,Mile,True
miliary,C5539831,Miliary,True
milk,C2825079,Milk,True
millimeter,C0439200,Millimeter,True
millimeters,C0439200,millimeters,True
mils,C2931092,MILS,True
mimic,C0393040,mimic,True
mimics,C0393040,mimics,True
min,C0702093,/min,True
mind,C0229992,mind,True
mineral,C0026162,Mineral,True
mineralization,C1533591,mineralization,True
mini,C0445542,Mini,True
minima,C1524031,minima,True
minimal,C1524031,Minimal,True
minimal - to - mild,C3686831,Minimal to mild,True
minimal if any,C1720676,If,True
minimal interval,C1272706,Interval,True
minimal to no change,C0392747,Change,True
minimally - displaced,C0012727,Displaced,True
minimally - invasive,C0205281,Invasive,True
minimally - present,C0150312,Present,True
minimally decreased,C0392756,Decreased,True
minimally increased,C5236002,Increased,True
minimimal,C0547040,Minimal,True
minimum,C1524031,Minimum,True
minnesota,C0026183,Minnesota,True
minor,C1446899,minor,True
minus,C0332288,Minus,True
minuscule,C1282918,Minuscule,True
minute,C0702093,/minute,True
mionr fissure,C0332469,Fissure,True
misaligned,C1275957,Misaligned,True
misalignment,C1275957,Misalignment,True
miss,C2349206,Miss,True
missing,C1551393,Missing,True
mitral,C0746591,mitral,True
mitral ring,C0225947,Mitral ring,True
mix,C4553942,Mix,True
mixed,C3160715,Mixed,True
mixed lytic,C0024348,Lytic,True
mixed solid,C0302909,Solid,True
mixture,C0439962,Mixture,True
mk,C0022716,MK,True
mld,C0023522,MLD,True
mm,C4554674,MM,True
mo,C0026402,mo,True
mobile,C2229232,mobile,True
mobility,C0425245,Mobility,True
mod,C0011860,MOD,True
mod - lg,C0011860,"Diabetes Mellitus, Non-Insulin-Dependent",True
mod - lg l / sml r,C0439117,R,True
mod - severe,C0011860,MOD,True
mod l,C0475211,L,True
modality,C0695347,Modality,True
modeling,C0870071,Modeling,True
moderate,C5201148,Moderate,True
moderate - large,C0549177,Large,True
moderate - severe,C0205081,Moderate (severity modifier),True
moderate - size,C0456389,Size,True
moderate - sized,C0205081,Moderate (severity modifier),True
moderate - to - important,C3898777,Important,True
moderate - to - large,C0549177,Large,True
moderate - to - marked,C3686768,Moderate to marked,True
moderate - to - moderately - severe,C4085643,Moderately,True
moderate - to - sever,C0264097,Sever,True
moderate - to - severe,C1299393,Moderate to severe,True
moderate - to - severely,C0205082,Severely,True
moderate - to - significant,C0205081,Moderate (severity modifier),True
moderate - to severe,C1299393,Moderate to severe,True
moderate - volume,C1705102,Volume,True
moderate / severe,C0205081,Moderate (severity modifier),True
moderate amount,C3869891,Moderate amount,True
moderate degree,C0449286,Degree,True
moderate size,C0456389,Size,True
moderate sized,C0205081,Moderate (severity modifier),True
moderate to large,C0205081,Moderate (severity modifier),True
moderate to severe,C1299393,Moderate to severe,True
moderately,C4085643,Moderately,True
moderately - enlarged,C5426030,Moderately enlarged,True
moderately - severe,C4085643,Moderately,True
moderately - severely,C0205082,Severely,True
moderately - sized,C0205081,Moderate (severity modifier),True
moderately - to - severely,C0205082,Severely,True
moderately to markedly,C0522501,Markedly,True
moderately to severely,C0205082,Severely,True
modification,C3840684,Modification,True
modified,C0392747,Modified,True
molar,C0026367,Molar,True
mold,C0369241,Mold,True
mole,C0027962,Mole,True
mom,C1442163,MoM,True
monitor,C0181904,Monitor,True
monitoring,C0150369,Monitoring,True
months,C0439231,months,True
more,C0205172,More,True
more accentuated,C1997416,Accentuated,True
more affected,C0392760,Affected,True
more apparent,C0750489,apparent,True
more confluent,C0205200,Confluent,True
more conspicuous compared with the prior exam,C0582103,Exam,True
more defined,C3539106,Defined,True
more dense,C0439794,Dense,True
more direct course,C0750729,Course,True
more distended,C0700124,Distended,True
more evenly distributed,C1704711,Distributed,True
more extensive,C0205231,Extensive,True
more involved,C1314939,Involved,True
more marked,C0205172,More,True
more optimal positioning,C0733755,Positioning,True
more persistent,C0205322,Persistent,True
more prominent,C0205402,Prominent,True
more sensitive,C1522640,Sensitive,True
more severe,C0205172,More,True
more than,C0439093,More Than,True
more than expected,C1517001,Expected,True
more than half,C2825407,Half,True
more than one - half,C2825407,Half,True
morgagni hernia,C0019270,Hernia,True
morning,C0332170,Morning,True
morphologic,C0543482,morphological,True
morphological,C0543482,morphological,True
morphologically,C0543482,morphological,True
morphology,C0700329,MORPHOLOGY,True
mortise,C1979932,Mortise,True
mosaic,C0439750,Mosaic,True
most,C0205393,Most,True
most notable,C4288581,Notable,True
most right - sided,C0205090,Right,True
mostly,C0205393,Mostly,True
moth - eaten,C0026593,Moths,True
motility,C0678835,motility,True
motion,C0026597,Motion,True
motion artifact,C0085089,Artifact,True
motor,C1513492,Motor,True
mottled,C0302133,Mottled,True
mottling,C0302133,Mottling,True
mouth,C0226896,Mouth,True
move,C2699029,Move,True
moved,C2699029,Moved,True
movement,C0026649,Movement,True
moves,C0578671,Moves,True
mpa,C5237675,MPA,True
mr,C4050513,MR,True
mrsa,C0343401,MRSA,True
mtx,C5891182,mtx,True
much,C4281574,Much,True
much better seen,C0205397,seen,True
much less,C0547044,Less,True
much less apparent,C0750489,apparent,True
much less enlarged,C1293134,Enlarged,True
much less prominent,C0205402,Prominent,True
mucoid,C0205295,Mucoid,True
mucormycosis,C0043541,Mucormycosis,True
mucosa,C0026724,Mucosa,True
mucosal,C0026724,Mucosal,True
mucous,C0439708,Mucous,True
mucous plugging,C5563324,Mucous plugging,True
mucus,C0026727,Mucus,True
mucus - impacted,C0040456,Impacted,True
mucus plugging,C0333133,mucus plugging,True
multi,C0439064,Multi,True
multi - cavitary,C0439064,Numerous,True
multi - chamber,C0179874,Chamber,True
multi - channel,C1706095,Channel,True
multi - focal,C0439064,Multi,True
multi - fragment,C0332255,fragment,True
multi - level,C0456079,Level,True
multi - levels,C0441889,Levels,True
multi - loculated,C0205277,Loculated,True
multi - septated,C0439064,Numerous,True
multi focal,C0439064,Multi,True
multi level,C0456079,Level,True
multicystic,C4697724,Multicystic,True
multifactorial,C1837655,Multifactorial,True
multifocal,C0205292,Multifocal,True
multilevel,C0814909,Multilevel Analysis,True
multilocular,C4431161,Multilocularia,True
multiloculated,C0205293,Multiloculated,True
multinodular,C0205416,Multinodular,True
multiple,C0439064,Multiple,True
multiple levels,C0441889,Levels,True
multiple places,C0442504,Places,True
multiple times,C5975557,TIMES,True
multiple x - rays,C0043309,X-Rays,True
multiplicity,C0449822,Multiplicity,True
mural,C0441995,Mural,True
murmur,C0018808,Murmur,True
muscle,C4083049,Muscle,True
muscles,C0026845,Muscles,True
muscular,C4083049,Muscular,True
musculature,C1995013,Musculature,True
musculoskeletal,C0497254,Musculoskeletal,True
must be advanced,C0205179,Advanced,True
mv,C1454484,MV,True
mva,C1959626,MVA,True
mycetoma,C0024449,Mycetoma,True
mycetomas,C0024449,mycetomas,True
mycobacteria,C0026912,Mycobacteria,True
mycobacterial,C0521015,mycobacterial,True
mycobacterium,C0026918,Mycobacterium,True
mycoplasma,C0026936,Mycoplasma,True
myelodysplastic,C3463824,MYELODYSPLASTIC SYNDROME,True
myelofibrosis,C0001815,Myelofibrosis,True
myeloid,C0439677,Myeloid,True
myeloma,C0026764,Myeloma,True
myeloma - related,C0445223,Related,True
myocardial,C0027061,Myocardial,True
myocarditis,C0027059,Myocarditis,True
myocardium,C0027061,Myocardium,True
myositis,C0027121,Myositis,True
n,C0347979,N,True
nailing,C0021885,Nailing,True
nails,C0027342,Nails,True
narrow,C1837463,Narrow,True
narrowed,C0333164,Narrowed,True
narrowing,C3854333,Narrowing,True
narrowings,C0332463,Narrowed structure,True
narrows,C0333164,narrows,True
nasal,C0028429,Nasal,True
nasoenteric - type,C0332307,Type,True
nasogastric,C0694637,Nasogastric,True
nasogastric - type,C0332307,Type,True
nasogastric tube,C0085678,Nasogastric Tube,True
nasogastrictube,C0085678,Nasogastric tube,True
nasojejunal,C0595833,Nasojejunal route,True
nasopharynx,C0027442,Nasopharynx,True
nasotracheal,C1550284,Nasotracheal,True
native,C0302891,Native,True
natural,C0205296,Natural,True
nature,C1262865,Nature,True
nausea,C0027497,Nausea,True
navel,C0041638,Navel,True
navicular,C1306480,Navicular,True
nb,C5205675,NB,True
nc,C0265987,NC,True
nd,C0266526,ND,True
near,C0475806,Near,True
near - collapse,C0344329,Collapse,True
near - complete,C4489118,Near complete,True
near - diffuse,C0475806,Near,True
near - homogeneous,C1881065,Homogeneous,True
near - horizontal,C0205126,Horizontal,True
near - resolution,C1514893,Resolution,True
near - resolved,C1514893,Resolved,True
near - total,C0439175,% total,True
near complete,C4489118,Near complete,True
near completely resolved,C5419890,Completely Resolved,True
near confluence,C0475806,1/3 meter (distance vision finding),True
near ge junction,C0205144,Junction,True
near its junction,C0205144,Junction,True
near ra junction,C0205144,Junction,True
near resolution,C1514893,Resolution,True
near the antrum,C1549092,Antrum,True
near the junction,C0205144,Junction,True
nearby,C1706276,Nearby,True
nearly,C3828842,Nearly,True
nearly - oval,C1709367,Oval,True
nearly - resolved,C1514893,Resolved,True
nearly as dense,C0439794,Dense,True
nearly completely resolved,C5419890,Completely Resolved,True
nearly confluent,C0205200,Confluent,True
nearly filled,C1708059,Filled,True
nearly resolved,C1514893,Resolved,True
neck,C0027530,Neck,True
necklace,C1547319,Necklace,True
necrosis,C1334928,Necrosis,True
necrotic,C0027540,Necrotic,True
necrotizing,C0439664,Necrotizing,True
need,C0027552,Need,True
needing,C0686904,needing,True
needle,C0027551,Needle,True
needle - like,C0870814,Like,True
needs,C0027552,Needs,True
negative,C1513916,Negative,True
negligible,C0332269,Negligible,True
neighboring,C0205107,neighboring,True
neo,C1366752,NEO,True
neo - eosophagus,C1366752,Neomycin resistance gene,True
neo - esophageal,C1522619,Esophageal,True
neo - esophagus,C0014876,Esophagus,True
neo - esophaus,C1366752,Neomycin resistance gene,True
neo - fissure,C0332469,Fissure,True
neoplasm,C1882062,Neoplasm,True
neoplasms,C0027651,Neoplasms,True
neoplastic,C1709160,Neoplastic,True
nephrectomies,C0027695,Nephrectomies,True
nephrectomy,C0176996,Nephrectomy,True
nephro,C0022646,nephr(o)-,True
nephro - ureteral,C0041951,Ureteral,True
nephrolithiasis,C0392525,Nephrolithiasis,True
nephrostomies,C0278314,Nephrostomies,True
nephrostomy,C0481713,nephrostomy,True
nephroureteral,C1736418,Nephroureteral Stents,True
nerve,C0027740,Nerve,True
nervous,C0027769,nervous,True
net,C3887809,Net,True
neural,C3714606,Neural,True
neuritis,C0027813,Neuritis,True
neuro,C0205494,NEURO,True
neurocysticercosis,C5235044,Neurocysticercosis,True
neuroendocrine,C0027912,Neuroendocrine,True
neurofibromatosis,C0162678,Neurofibromatosis,True
neurogenic,C0423717,Neurogenic pain,True
neuromas,C0027858,Neuromas,True
neuromuscular,C1979768,Neuromuscular,True
neuromyelitis,C0027872,neuromyelitis,True
neuropathic,C0027796,Neuralgia,True
neuropathy,C0442874,Neuropathy,True
neurostimulator,C0582124,Neurostimulator,True
neurovascular,C1171207,Neurovascular care,True
neutral,C3833401,Neutral,True
neutropenia,C0853697,Neutropenia,True
new,C1578513,new,True
new cough,C2220033,new cough,True
new focus,C0205234,Focus,True
new from,C1578513,new,True
new region,C0205147,Region,True
new tension,C0233494,Tension,True
newly,C0750546,newly,True
newly - apparent,C0750489,apparent,True
newly - appeared,C0750546,newly,True
newly - developed,C0750546,newly,True
newly visible,C0205379,Visible,True
ng,C0332155,NG,True
ng - tube,C0175730,Tube,True
ng - type,C0332307,Type,True
ng / og,C0017887,nitroglycerin,True
ng / og - type,C0332307,Type,True
ng 2,C2827735,2+,True
ng first port,C0452253,Port,True
ng to,C0332155,NG,True
ng to mid,C0444598,Mid,True
ng tube,C0175730,Tube,True
ng type,C0332307,Type,True
ngt - tip,C1705504,TIP,True
ngt tip,C1705504,TIP,True
ni,C0028013,ni,True
nidus,C1628997,Nidus,True
night,C0240526,Night,True
nil,C0442734,Nil,True
nincreased,C0205217,Increased,True
nine,C0205455,Nine,True
nine hours,C0439227,hours,True
ninth,C0205443,Ninth,True
nipple,C0028109,Nipple,True
nipple - like,C0870814,Like,True
nipples,C0028109,Nipples,True
nit,C0562688,Nit,True
nitroglycerin,C0017887,Nitroglycerin,True
nj,C0027971,NJ,True
no,C1298908,No,True
no change,C0442739,No change,True
no interval,C1272706,Interval,True
no prior study,C0557651,Study,True
nocardia,C0028240,Nocardia,True
nodal,C0443268,Nodal,True
node,C0746922,Node,True
noded,C0746922,noded,True
nodes,C0746922,nodes,True
nodular,C0205297,Nodular,True
nodular - appearing,C0205297,Nodular (qualifier value),True
nodular character,C0007952,Character,True
nodular density,C0746923,nodular density,True
nodular focus,C0205234,Focus,True
nodular opacifications,C5936237,Nodular opacifications,True
nodular region,C0205147,Region,True
nodular structure,C0678594,Structure,True
nodularity,C0449579,Nodularity,True
nodulation,C1160630,nodulation,True
nodulations,C1160630,nodulations,True
nodule,C0028259,Nodule,True
nodules,C0028259,nodules,True
nominal in position,C0733755,Position,True
non,C1513853,NON,True
non - active,C0679217,Active,True
non - acute,C1547228,Non-acute,True
non - aerated,C1513853,NON Mouse,True
non - aneurysmal,C0439651,Aneurysmal,True
non - apical,C0205111,Apical,True
non - aspiration,C2712334,Aspiration,True
non - atelectatic,C0439688,Atelectatic,True
non - bacterial,C0521009,Bacterial,True
non - bilious,C1513853,NON Mouse,True
non - bloody,C4554530,Bloody,True
non - calcified,C0332209,Non-calcified,True
non - cardiac,C1522601,Cardiac,True
non - cardiogenic,C1513853,NON Mouse,True
non - cavitary,C1513853,NON Mouse,True
non - characteristic,C1521970,Characteristic,True
non - clearing,C1550003,Clearing,True
non - complete,C1706059,Complete,True
non - confluent,C4697730,Non-confluent,True
non - critical,C1551396,Critical,True
non - dedicated,C1513853,NON Mouse,True
non - dependent,C0851827,Dependent,True
non - deviating,C1513853,NON Mouse,True
non - dilated,C0700124,Dilated,True
non - displaced,C0746928,non displaced,True
non - distended,C0700124,Distended,True
non - emergent,C3842236,Non-emergent,True
non - engorged,C0700140,engorged,True
non - enhancing,C1513853,NON Mouse,True
non - enlarged,C1293134,Enlarged,True
non - erect,C0522014,erect,True
non - evaluable,C1516986,Evaluable,True
non - existing,C1513853,NON Mouse,True
non - fdg avid,C2986972,Avid,True
non - fibrotic,C0334129,fibrotic,True
non - fluctuating,C0231241,Fluctuating,True
non - fluid,C0444611,Fluid,True
non - functional,C0205300,Non-functional,True
non - functioning,C3841832,Non-functioning,True
non - fused,C0699952,Fused,True
non - fusion,C0332466,Fusion,True
non - gravity,C0282189,Gravity,True
non - healed,C0205301,Non-healed,True
non - hemodynamically,C1513853,NON Mouse,True
non - hemorrhagic,C0333275,Hemorrhagic,True
non - obscured,C1513853,NON Mouse,True
non - obstructed,C0549186,Obstructed,True
non - obstructive,C0205304,Non-obstructive,True
non - occlusive,C1947917,Occlusive,True
non - of,C1513853,NON,True
non - pathologically,C1513853,NON Mouse,True
non - physiologic,C0205463,Physiologic,True
non - physiologically,C1513853,NON Mouse,True
non - pyogenic,C5453042,Pyogenic,True
non - rebreather,C1513853,NON Mouse,True
non - recent,C0332185,Recent,True
non - resolving,C3714811,resolving,True
non - serous,C0440743,Serous,True
non - simple,C0205352,Simple,True
non - small,C1513853,NON,True
non - small - cell,C0445128,Non-small cell,True
non - small cell,C0445128,Non-small cell,True
non - smoker,C0425293,Non-Smoker,True
non - specific,C0205370,Non-specific,True
non - specifically,C1513853,NON Mouse,True
non - specificright,C1513853,NON Mouse,True
non - standard,C1442989,Standard,True
non - suggesting,C1513853,NON Mouse,True
non - tuberculous,C0041296,Tuberculous,True
non - typical,C3538928,Typical,True
non - united,C1513853,NON Mouse,True
non - upright,C0522015,Upright,True
non - urgent,C6008281,Non-urgent,True
non - visualization,C2827662,Visualization,True
non - volume,C1705102,Volume,True
non - volume - dependent,C0851827,Dependent,True
non - weighted,C0005910,weighted,True
non = specific,C0205370,Non-specific,True
non display,C0870432,Display,True
non erect,C0522014,erect,True
non evaluable,C1516986,Evaluable,True
non functioning,C3841832,Non-functioning,True
non intended,C1551357,intended,True
non involved,C1314939,Involved,True
non small,C1513853,NON,True
non specific,C0205370,Non-specific,True
non to characteristic,C1521970,Characteristic,True
non trans ut,C0042124,UT,True
nondisplaced,C0746928,non displaced,True
nondistended ' s,C0439118,S,True
none,C1706277,None,True
nonsmoker,C0337672,Nonsmoker,True
nonspecific,C0750540,Nonspecific,True
nonspecific - is,C0750540,Nonspecific,True
nonunion,C3897107,Nonunion,True
nonurgent,C4264612,Nonurgent,True
nonvascular,C1522377,Non-Vascular Plant,True
norm,C0205307,NORM,True
normal,C1550457,Normal,True
normal - appearing,C0205307,Normal,True
normal - caliber,C1301886,Caliber,True
normal - sized,C0205307,Normal,True
normal course,C0750729,Course,True
normal limits,C0442816,Normal limits,True
normalization,C1882115,Normalization,True
normalized,C1882115,Normalized,True
nose,C0028429,Nose,True
not,C1518422,Not,True
not 1 as young,C0332239,Young,True
not accurately assessed,C1516048,Assessed,True
not adequately visualized,C0234621,Visualized,True
not appreciably changed,C0443172,Changed,True
not as clearly seen,C0205397,seen,True
not as full,C0443225,Full,True
not as prominent,C0205402,Prominent,True
not as severe,C0003507,as,True
not as well,C5575035,Well,True
not as well assessed,C1516048,Assessed,True
not as well defined,C3539106,Defined,True
not as well identified,C1550043,Identified,True
not as well seen,C0205397,seen,True
not as well seen on this study,C0557651,Study,True
not as well visualized,C0234621,Visualized,True
not assessed,C3846720,Not Assessed,True
not be assessed,C1516048,Assessed,True
not be precisely seen,C0205397,seen,True
not clearly identified,C1550043,Identified,True
not clearly localized,C0392752,Localized,True
not clearly seen,C0205397,seen,True
not clearly visible,C0205379,Visible,True
not clearly visualized,C0234621,Visualized,True
not completely,C4554154,Completely,True
not completely assessed,C1516048,Assessed,True
not completely evaluated,C0220825,Evaluated,True
not completely excluded,C0332196,Excluded,True
not completely identified,C1550043,Identified,True
not completely included,C0332257,included,True
not completely specific,C0205369,Specific,True
not completely visualized,C0234621,Visualized,True
not fully assessed,C1516048,Assessed,True
not fully included,C0332257,included,True
not fully visualized,C0234621,Visualized,True
not greatly enlarged,C1293134,Enlarged,True
not identified,C1550043,Identified,True
not included,C0332257,included,True
not increased,C5236002,Increased,True
not much change,C0392747,Change,True
not much changed,C0443172,Changed,True
not much different,C1705242,Different,True
not nearly as distended,C0700124,Distended,True
not optimally assessed,C1516048,Assessed,True
not optimally visualized,C0234621,Visualized,True
not particularly well assessed,C1516048,Assessed,True
not possible to assess,C1516048,Assess,True
not quite as distal,C0205108,Distal,True
not quite as high,C5202936,High,True
not quite as severe,C0003507,as,True
not quite visualized,C0234621,Visualized,True
not readily assessed,C1516048,Assessed,True
not seen,C0332252,Not seen,True
not seen well,C5575035,Well,True
not significant,C1273937,Not Significant,True
not specific,C0205369,Specific,True
not very sensitive,C1522640,Sensitive,True
not very striking,C0038452,striking,True
not very well seen,C0205397,seen,True
not visible,C0205379,Visible,True
not visualized,C4697694,Not visualized,True
not well,C3841798,Not Well,True
not well assessed,C1516048,Assessed,True
not well characterized,C1880022,Characterized,True
not well defined,C3539106,Defined,True
not well delineated,C4684445,Delineated,True
not well evaluated,C0220825,Evaluated,True
not well formed,C0205431,Formed,True
not well localized,C0392752,Localized,True
not well seen,C0205397,seen,True
not well visible,C0205379,Visible,True
not well visualized,C0234621,Visualized,True
not yet resolved,C1514893,Resolved,True
notable,C4288581,Notable,True
notch,C1235660,Notch,True
notching,C1235660,notching,True
note,C1317574,Note,True
notification,C0422202,Notification,True
now,C1720566,Now,True
now s / p,C0227095,P,True
nsip,C1290344,NSIP,True
nspiratory,C0004048,Inspiration function,True
nstemi,C4255010,NSTEMI,True
nt,C0332126,NT,True
nterstitial,C0596790,interstitial,True
ntraperitoneal,C0442120,Intraperitoneal,True
nuclear,C0521447,Nuclear,True
number,C0237753,Number,True
numbering,C0449788,numbering,True
numeral,C1720186,Numeral,True
numerous,C0439064,Numerous,True
numerous factors,C1257900,Colicin Plasmids,True
nurse,C0028661,Nurse,True
nurse thinks,C0039869,thinks,True
nutrient,C0678695,Nutrient,True
o,C0439114,O,True
oa,C0029408,OA,True
oasis,C0766345,OASIS,True
obesity,C0028754,Obesity,True
object,C1882133,Object,True
objective,C1571702,Objective,True
objects,C0347997,Objects,True
obligate,C4477028,Obligate,True
oblique,C0205315,Oblique,True
oblique fissure,C0332469,Fissure,True
oblique measure,C0079809,Measure,True
oblique position,C0733755,Position,True
oblique positioning,C0733755,Positioning,True
oblique stepoff,C0205315,Oblique,True
obliques,C0205315,obliques,True
obliquity of the patient,C0030705,Patient,True
obliterate,C0700134,obliterate,True
obliterated,C0700134,obliterated,True
obliterating,C0700134,obliterating,True
obliteration,C1293136,Obliteration,True
obscure,C4727091,Obscure,True
obscuring,C1423682,OBSCN gene,True
observation,C0478530,observation,True
observe,C1441672,Observe,True
observed,C1441672,Observed,True
obstructed,C0549186,Obstructed,True
obstruction,C0028778,Obstruction,True
obstructive,C0549186,Obstructive,True
obtuse,C0443269,Obtuse,True
obvious,C5706969,Obvious,True
occipital,C1184145,Occipital,True
occlude,C0182025,Occluders,True
occluded,C0028778,occluded,True
occluding,C0028778,occluding,True
occlusion,C1110554,OCCLUSION,True
occlusions,C0028778,occlusions,True
occlusive,C1947917,Occlusive,True
occult,C0028794,Occult,True
occupational - related,C0445223,Related,True
occupied,C5702671,Occupied,True
occurred,C1709305,Occurred,True
occurrence,C0243132,occurrence,True
ochronosis,C0028817,Ochronosis,True
ocollection,C0600644,Collections (publication),True
ocular,C0015392,Ocular,True
of,C0332285,Of,True
off,C1518543,Off,True
off film,C1704608,Film,True
off image,C1846009,IMAGE,True
off the field of view,C0449911,View,True
off the film,C1704608,Film,True
offset,C1711330,Offset,True
og - tube,C0175730,Tube,True
og - type,C0332307,Type,True
og / ng,C0332155,NG,True
og tube,C0175730,Tube,True
ogt,C1417945,OGT,True
ok to use,C1947944,Use,True
old,C0580836,Old,True
old - appearing,C0580836,Old,True
older injury,C3263722,Injury,True
oligemia,C0546884,oligemia,True
omental,C0028977,Omental,True
omentum,C0028977,Omentum,True
omitted,C0750563,omitted,True
omitted from view,C0449911,View,True
on,C1720294,On,True
on - end,C2746065,End,True
on clear,C5966217,Clear,True
on end,C2746065,End,True
on the frontal view only,C1720467,Only,True
on water seal,C0036492,Seal,True
one,C5201140,One,True
one - fourth,C1706303,Fourth,True
one - half,C2825407,Half,True
one - quarter,C2825406,Quarter,True
one - third,C1705160,Third,True
one / third,C1705160,Third,True
one hour,C0439227,hour,True
one lead,C0023175,Lead,True
one or more,C0205172,More,True
one side,C0205092,one side,True
one through,C0332273,Through,True
one time severe,C2024467,time,True
one tip,C1705504,TIP,True
one to two,C0205448,Two,True
ongoing,C0549178,Ongoing,True
only,C1720467,Only,True
onset,C0332162,Onset,True
ontours,C0876954,Contour form,True
opacicities,C0029053,Decreased translucency,True
opacification,C0449584,Opacification,True
opacificationa,C0449584,Opacification,True
opacificationis,C0449584,Opacification,True
opacifications,C0449584,opacifications,True
opacities,C0029053,opacities,True
opacitiess,C0029053,Decreased translucency,True
opacity,C1265876,Opacity,True
opacity - atelectasis,C0004144,Atelectasis,True
opacity - position,C0733755,Position,True
opacopacities,C0029053,Decreased translucency,True
opaque,C0029053,opaque,True
opd,C3810599,OPD,True
open,C0175566,Open,True
opened,C0175566,Opened,True
opening,C0175566,Opening,True
operation,C3241922,Operation,True
operative,C1882154,Operative,True
operative site,C0332850,Operative site,True
opposite,C1521805,Opposite,True
opposite side,C0441987,Side,True
optic,C0015392,Optic,True
optimal,C2698651,Optimal,True
optimally assessed,C1516048,Assessed,True
optimally seen,C0205397,seen,True
optimum,C2698651,Optimum,True
or,C1706533,Or,True
oral,C4521986,Oral,True
oral contrast,C0009924,Contrast,True
oral temperature,C1532216,Oral temperature,True
orbital,C0699036,orbital,True
order,C1705175,Order,True
orders,C3244315,orders,True
organ,C0178784,Organ,True
organism,C0029235,Organism,True
organisms,C0029235,Organisms,True
organization,C0029237,Organization,True
organized,C1300196,Organized,True
organizing,C1300196,organizing,True
organo - axial,C0205131,Axial,True
organomegaly,C4054315,Organomegaly,True
organs,C0178784,organs,True
orientated,C0424013,Orientated,True
orientation,C0029266,Orientation,True
orientation a,C0029266,Orientation,True
orientations,C0029266,Orientations,True
oriented,C1961028,Oriented,True
orif,C0747060,ORIF,True
orifice,C0444567,Orifice,True
origin,C0439659,Origin,True
original,C0205313,Original,True
original site,C1515974,Site,True
origins,C0439659,Origins,True
oro,C0521363,or(o)-,True
oro - gastric,C0038351,Gastric,True
orogastric,C0450104,Orogastric,True
orogastric - type,C0332307,Type,True
oropharyngeal,C0521367,Oropharyngeal,True
oropharynx,C0521367,Oropharynx,True
orphaned,C0242299,orphaned,True
orthopaedic,C0029355,orthopaedic,True
orthopedic,C0029355,Orthopedic,True
os,C0232275,OS,True
osa,C0520679,OSA,True
osh cxr,C0039985,CXR,True
osseous,C0262950,Osseous,True
osseus,C4309705,Osseus,True
ossification,C0029433,Ossification,True
ossifications,C0029433,Ossifications,True
ossified,C0231556,ossified,True
osteoarthritic,C0029408,Degenerative polyarthritis,True
osteoarthritis,C0029408,Osteoarthritis,True
osteoarthropathy,C0263661,Osteoarthropathy,True
osteoarthrosis,C0029408,Osteoarthrosis,True
osteochondroma,C0029423,Osteochondroma,True
osteochondromatosis,C0206641,Osteochondromatosis,True
osteodystrophy,C0264009,Osteodystrophy,True
osteogenesis,C0029433,Osteogenesis,True
osteolysis,C4721411,Osteolysis,True
osteolytic,C1518633,Osteolytic,True
osteomyelitis,C0029443,Osteomyelitis,True
osteonecrosis,C0027543,Osteonecrosis,True
osteopathy,C0005940,Osteopathy,True
osteopenia,C0029453,Osteopenia,True
osteophyte,C1956089,Osteophyte,True
osteophytes,C1956089,Osteophytes,True
osteophytosis,C0015302,osteophytosis,True
osteoporosis,C0029456,Osteoporosis,True
osteosarcoma,C0029463,Osteosarcoma,True
osteosclerosis,C0029464,Osteosclerosis,True
osteosclerotic,C1518640,Osteosclerotic Lesion,True
osteotomies,C0029468,Osteotomies,True
osteotomy,C0029468,Osteotomy,True
ostia structures,C0678594,structures,True
ostium,C0444567,Ostium,True
ostomy,C0029473,Ostomy,True
ot,C1705587,OT,True
other,C5202885,Other,True
other abnormality,C1704258,Abnormality,True
other acute findings,C2607943,findings,True
other interval,C1272706,Interval,True
other lines,C1548328,Lines,True
other lumen,C1551056,Lumen,True
other objects,C0347997,Objects,True
other relevant change,C0392747,Change,True
others,C1955473,Others,True
otic,C4521969,Otic,True
otoscoliosis,C1608420,Rotoscoliosis,True
out,C0439787,Out,True
out - of - view,C0449911,View,True
out - of view,C0449911,View,True
out of few,C0205388,Few,True
out of field - of - view,C0449911,View,True
out of field of view,C0449911,View,True
out of field of view . a swan - ganz,C0325528,Genus Cygnus,True
out of position,C0733755,Position,True
out of proportion,C1709707,Proportion,True
out of review,C0282443,Review,True
out of sight,C0042789,Sight,True
out of the field - of - view,C0449911,View,True
out of the field of view,C0449911,View,True
out of the film,C1704608,Film,True
out of the image,C1846009,IMAGE,True
out of the view of the image,C1846009,IMAGE,True
out of view,C0449911,View,True
out of view . swan - ganz,C0325528,Genus Cygnus,True
out of view of this exam,C0582103,Exam,True
out the field of view,C0449911,View,True
out view,C0449911,View,True
outer,C0205101,Outer,True
outer aspect,C1879746,Aspect,True
outer margin,C0205284,Margin,True
outermost,C0205108,Outermost,True
outflow,C0449651,Outflow site,True
outflow track,C0040594,Track,True
outflow tract,C1185740,Tract,True
outlet,C1709362,Outlet,True
outline,C0600661,Outline,True
outlines,C0600661,Outlines,True
output,C1709366,Output,True
outside,C0205101,Outside,True
outside of field of view,C0449911,View,True
outside of the field of view,C0449911,View,True
outside of the image,C1846009,IMAGE,True
outside the field of view,C0449911,View,True
outstanding,C3898065,Outstanding,True
outward,C0439788,Outward,True
oval,C1709367,Oval,True
oval - shaped,C0332479,shaped,True
ovarian,C0205065,Ovarian,True
ovary,C0029939,Ovary,True
over,C0205136,Over,True
over - distended,C0700124,Distended,True
over - distention,C0012359,Distention,True
over - hydration,C1321013,Hydration,True
over - inflated,C0205136,Over (spatial),True
over - inflation,C1318493,Inflation,True
over - perfused,C0205136,Over (spatial),True
over - projection,C0348018,Projection,True
over 1 day,C5441960,1/day,True
over 2 hr,C0332167,HR,True
over 24 hr,C0332167,HR,True
over 5 hours,C1442467,5 hours,True
over 6 hr,C0332167,HR,True
over an hour,C0439227,hour,True
over expected,C1517001,Expected,True
over half a day,C0439505,/day,True
over it,C0677897,IT,True
over night,C0240526,Night,True
over one,C5201140,One,True
over the course of the day,C0439505,/day,True
over the expected,C1517001,Expected,True
over the interim,C2827738,Interim,True
over the interval,C1272706,Interval,True
over the over,C0205136,Over,True
over time,C2024467,time,True
overall,C0282416,Overall,True
overall extent,C0439792,Extent,True
overcrowding,C0425229,Overcrowding,True
overdose,C0029944,Overdose,True
overflow,C1548574,Overflow,True
overhydration,C0043049,Overhydration,True
overlap,C0185027,overlap,True
overlap of structures,C0678594,structures,True
overlap point,C1552961,Point,True
overlapped,C0185027,overlapped,True
overlapping,C0185027,Overlapping,True
overlay,C0444456,Overlay,True
overlaying,C0337198,Overlaying,True
overlie the expected,C1517001,Expected,True
overload,C0020488,Hypernatremia,True
overload - persistent,C0205322,Persistent,True
overlying hand,C0018563,Hand,True
overlying structures,C0678594,structures,True
overnight,C0439583,Overnight,True
overt chf,C0018802,CHF,True
ovoid,C0332492,ovoid,True
oxygen,C0030054,Oxygen,True
oxygenation,C0231940,oxygenation,True
p,C0439115,P,True
p . m,C0439113,M,True
p robotic - assisted,C3844190,Robotic assisted.,True
pa,C0439473,Pa,True
pa catheter,C0179790,PA catheter,True
pa technique,C0449851,Technique,True
pa upright,C4489423,PA upright,True
pac,C0033036,PAC,True
pac ' s,C0439118,S,True
pace,C1310542,PACE,True
pacemaker,C0030163,pacemaker,True
pacemaker - defibrillator,C0810517,pacemaker defibrillator,True
pacemaker - icd,C0020725,ICD,True
pacemaker - like,C0870814,Like,True
pacemaker - related,C0445223,Related,True
pacemaker - type,C2016253,pacemaker type,True
pacemakerlead,C1283151,Cardiac pacemaker lead,True
pacemakers,C0810633,Pacemakers,True
pacer,C3470541,PACER,True
pacer - defibrillator,C0180307,Defibrillator,True
pacer battery pack,C1968515,Pack,True
pacer defibrillator,C0180307,Defibrillator,True
pacer device,C0699733,Device,True
pacer lead,C0023175,Lead,True
pacer wires,C0005978,Wires,True
pacing,C0562458,Pacing,True
pacing leads,C0181586,Leads,True
pacing system,C5444317,SYSTEM:*,True
pack,C1968515,Pack,True
packaging,C0013194,Packaging,True
packing,C2828395,Packing,True
packs,C2825051,Packs,True
pacs,C0033036,PACs,True
pad,C0332568,Pad,True
pads,C1882271,Pads,True
paget ' s disease,C0012634,Disease,True
pagetoid,C1518847,Pagetoid Cell,True
pah,C2973725,PAH,True
pain,C0030193,Pain,True
pair,C1709450,Pair,True
paired,C1709450,Paired,True
palmar,C1184147,Palmar,True
palpable,C0522499,Palpable,True
palpation,C0030247,Palpation,True
palpitations,C0030252,Palpitations,True
palsy,C0522224,Palsy,True
panacinar,C0442130,Panacinar,True
pancoast,C0030271,Pancoast,True
pancreas,C0030274,Pancreas,True
pancreatectomy,C0030279,Pancreatectomy,True
pancreatic,C0030274,Pancreatic,True
pancreatitis,C0030305,Pancreatitis,True
pancytopenia,C0030312,Pancytopenia,True
panlobular,C0442131,Panlobular,True
pannus,C0155094,pannus,True
paper,C2826224,Paper,True
paper binder,C0179302,Binder,True
paper clip,C1704793,CLIP,True
papillary,C0205312,Papillary,True
papyracea,C2793675,Pomacea papyracea,True
para,C4722300,Para,True
para - aortic,C0003483,Aortic,True
para - median,C2939193,Median,True
para - mediastinal,C0025066,Mediastinal,True
para - mediastinum,C0025066,Mediastinum,True
para - parenchymal,C0030563,Parity,True
para - spinal,C0521329,Spinal,True
paracentesis,C0034115,Paracentesis,True
paracentral,C4073110,Paracentral,True
paracolic,C0442135,Paracolic,True
paradoxic,C0205310,Paradoxical,True
paradoxical,C0205310,Paradoxical,True
paraesophageal,C0475302,Paraesophageal,True
paragraph,C0871028,Paragraph,True
parallel,C4554418,Parallel,True
paralysis,C0522224,Paralysis,True
paralyzed,C0522224,Paralyzed,True
paramedian,C0441993,Paramedian,True
parameters,C0449381,Parameters,True
paraneoplastic,C1441055,Paraneoplastic,True
parapneumonic effusion,C0264550,Parapneumonic effusion,True
paraseptal,C0442144,Paraseptal,True
paraspinal,C0442145,Paraspinal,True
parasternal,C0442146,Parasternal,True
parathyroid,C0030518,Parathyroid,True
parathyroidectomy,C0079989,Parathyroidectomy,True
paratracheal,C0442143,Paratracheal,True
paratracheal - mediastinal,C0025066,Mediastinal,True
paravertebral,C0442150,Paravertebral,True
parenchyma,C0933845,Parenchyma,True
parenchymal,C0682552,Parenchymal cell,True
parents,C0030551,Parents,True
paresis,C0030552,Paresis,True
parietal,C0442030,Parietal,True
parking,C4683689,Parking,True
parotid,C0030580,Parotid,True
paroxysmal,C0205311,Paroxysmal,True
parrot,C1384490,Parrot,True
pars,C0032405,PARS,True
part,C1709471,Part,True
part of it,C0677897,IT,True
part of its course,C0750729,Course,True
part of the surgery,C1457907,surgery,True
part solid,C0302909,Solid,True
partial,C0728938,Partial,True
partially - collapsed,C0344329,collapsed,True
partially - layering,C0934502,layering,True
partially - loculated,C0205277,Loculated,True
partially assessed,C1516048,Assessed,True
partially excluded,C0332196,Excluded,True
partially filled,C1708059,Filled,True
partially fissural,C1517198,Fissural,True
partially layer,C1522408,Layer,True
partially loculated,C0205277,Loculated,True
partially occluded,C0028778,occluded,True
partially visible,C0205379,Visible,True
partially visualized,C0234621,Visualized,True
particle,C0597177,Particle,True
particles,C0597177,Particles,True
parts,C0449719,parts,True
pas,C0405107,PAS,True
pass,C2828386,Pass,True
pass well through,C0332273,Through,True
passage,C0439799,Passage,True
passes out of view,C0449911,View,True
passive,C3686820,Passive,True
past,C1444637,Past,True
paste,C1321899,Paste,True
pat,C3897364,PAT,True
patch,C0332461,Patch,True
patches,C0994894,Patches,True
patchy,C0205413,Patchy,True
patchy area,C0017446,Area,True
patella,C0834406,Patella,True
patellar,C0030647,Patellar,True
patency,C5979897,Patency,True
patent,C5979896,Patent,True
patent - appearing,C0030650,Legal patent,True
path,C1705483,Path,True
pathogen,C0450254,Pathogen,True
pathologic,C1521733,Pathologic,True
pathological,C1521733,Pathological,True
pathologically,C0030664,Pathology,True
pathologies,C0030664,Pathologies,True
pathology,C0677042,pathology,True
pathways,C1704259,Pathways,True
patient,C0030705,Patient,True
patient ' s,C0439118,S,True
patient ' s arm,C3495676,ARM,True
patient ' s arms,C5575339,ARMS,True
patient ' s chin,C0008114,Chin,True
patient ' s hand,C0018563,Hand,True
patient ' s head,C1706305,Head,True
patient ' s kyphosis,C0022821,Kyphosis,True
patient ' s position,C0733755,Position,True
patient ' s positioning,C0733755,Positioning,True
patient ' s size,C0456389,Size,True
patient ' s tenderness,C0234233,Tenderness,True
patient positioning,C1561964,Patient Positioning,True
patient rotation,C3669037,Rotation,True
patients,C0030705,Patients,True
pattern,C0449774,Pattern,True
patterns,C0449774,Patterns,True
pcc,C0044609,PCC,True
pcp,C1535939,pcp,True
pda,C0013274,PDA,True
pe,C0034065,PE,True
peak,C0444505,Peak,True
peaks,C0444505,peaks,True
peanut - shaped,C0332479,shaped,True
pec,C0318599,PEC,True
pectoral,C1521735,Pectoral,True
pectoralis,C0030747,pectoralis,True
pectus,C0230132,Pectus,True
pectus deformity,C1860493,Pectus deformity,True
pedal,C0016504,Pedal,True
pediatric,C1521725,Pediatric,True
pedicle,C0456605,Pedicle,True
pedicles,C0456605,Pedicles,True
peep,C3494516,PEEP,True
peer,C0679739,Peer,True
peg,C0032483,PEG,True
peg placement,C1533810,Placement,True
pellets,C0993610,pellets,True
pelvic,C0030797,Pelvic,True
pelvis,C0030797,Pelvis,True
pen,C4319659,Pen,True
penetrate,C0205321,penetrate,True
penetrated,C0205321,penetrated,True
penetrating,C0205321,Penetrating,True
penetration,C0205321,Penetration,True
pens,C1527077,PENS,True
pepper,C0453397,Pepper,True
per,C0449201,PER,True
per process,C4521054,Process,True
per projection,C0348018,Projection,True
per se,C0332138,SE,True
perceived,C0030971,Perceived,True
percent,C0439165,Percent,True
perched,C2945839,perched,True
percutaneous,C1522243,Percutaneous,True
percutaneously,C0522523,Percutaneous,True
perforated,C0549099,Perforated,True
perforation,C0549099,Perforation,True
perform,C0884358,Perform,True
performance,C1882330,Performance,True
performed,C0884358,Performed,True
perfusion,C0031001,Perfusion,True
periapical,C0729269,Periapical,True
periarticular,C0595695,Periarticular,True
pericardial,C0442031,Pericardial,True
pericardiocentesis,C0191234,Pericardiocentesis,True
pericardiophrenic,C0545768,Pericardiophrenic vein,True
pericardiotomy,C0242427,Pericardiotomy,True
pericarditis,C0031046,Pericarditis,True
pericardium,C0031050,Pericardium,True
pericystic,C5706954,Pericystic,True
perihepatic,C0442159,Perihepatic,True
perilesional,C5555499,Perilesional,True
perimeter,C0182215,Perimeter,True
perinatal,C0178795,perinatal,True
perinephric,C0442161,Perinephric,True
period,C0439531,/period,True
periodic,C0332182,Periodic,True
perioperative,C1518988,Perioperative,True
periosteal,C0595834,Periosteal,True
peripharyngeal,C0521365,Peripharyngeal,True
peripheral,C0205100,Peripheral,True
peripherally - based,C1527178,Based,True
peripherally - calcified,C0175895,Calcified,True
peripherally position,C0733755,Position,True
peristalsis,C0031133,Peristalsis,True
peritoneal,C0442034,Peritoneal,True
peritoneum,C0230198,Peritoneum,True
peritonitis,C0031154,Peritonitis,True
perivascular,C0442165,Perivascular,True
periventricular,C5237503,Periventricular,True
permanent,C0205355,Permanent,True
permeability,C0031164,Permeability,True
permeative,C0439690,Permeative,True
permit,C0329040,Permit,True
permitted,C0329040,permitted,True
perpendicular,C1295725,Perpendicular,True
persist - thing lucency,C1551338,Entity,True
persisten,C0205322,Persistent,True
persistence,C0546816,Persistence,True
persistent,C0205322,Persistent,True
persistently,C0750508,persistently,True
persisting,C5453127,Persisting,True
person,C0027361,Person,True
pertussis,C0043167,Pertussis,True
pes,C5788349,PES,True
pet,C0031268,Pet,True
pet - ct,C1699633,PET-CT,True
pet - ct from,C1699633,PET-CT,True
petechial,C0333284,petechial,True
pfo,C0016522,PFO,True
pg,C0439213,pg,True
pgi - tail,C0039259,Tail,True
ph,C1304686,pH,True
phaeohyphomycosis,C0276721,Phaeohyphomycosis,True
pharyngeal,C0031354,Pharyngeal,True
pharynx,C0031354,Pharynx,True
phase,C0205390,Phase,True
phases,C0585064,Phases,True
phd,C1705998,PHD,True
phenomena,C1882365,Phenomena,True
phenomenon,C1882365,Phenomenon,True
pheochromocytoma,C4551683,Pheochromocytoma,True
pheresis,C0005791,Pheresis,True
phleboliths,C0031547,phleboliths,True
phlegmon,C0031557,Phlegmon,True
phone,C0039457,Phone,True
photons,C0086805,Photons,True
physician,C0031831,Physician,True
physiologic,C0205463,Physiologic,True
physiological,C0205463,Physiological,True
physiologically,C0205463,Physiological,True
physiologically appropriate,C1548787,Appropriate,True
physiology,C0031843,physiology,True
pic,C5575321,PIC,True
pic catheter,C0085590,Catheter,True
pic catheters,C0085590,Catheters,True
pic line,C0179740,PIC line,True
pic line ends,C0444930,ends,True
picc,C0179740,picc,True
picc - tip,C1705504,TIP,True
picc catheter,C0085590,Catheter,True
picc line,C0179740,PICC line,True
pick,C1707391,Pick,True
piece,C2982836,Piece,True
piercing,C1446587,piercing,True
piercings,C0935563,piercings,True
pig,C3161106,PIG,True
pig - tail,C0039259,Tail,True
pig - tail - type,C0332307,Type,True
pig - tail drain,C0180499,Drain,True
pig - tail end,C2746065,End,True
pig - tailed,C0039259,tailed,True
pigtail,C4054178,Pigtail Drain,True
pigtail - end,C2746065,End,True
pigtail - type,C0332307,Type,True
pigtail catheter,C0879203,pigtail catheter,True
pigtail catheters,C0879203,pigtail catheters,True
pigtail drain,C4054178,Pigtail Drain,True
pigtail drainage,C2926602,Drainage,True
pigtail drainage catheter,C0085590,Catheter,True
pigtail end,C2746065,End,True
pigtail insertion,C0441587,Insertion,True
pigtail placements,C0441587,placements,True
pigtail portion,C0449719,Portion,True
pigtail tube,C0175730,Tube,True
pigtail type,C0332307,Type,True
pill,C0994475,Pill,True
pill fragments,C0486805,Fragments,True
pills,C0994475,Pills,True
pin,C0282612,PIN,True
pinched,C0418416,Pinched,True
pineal,C0031939,Pineal,True
pinning,C0021885,pinning,True
pins,C0175718,Pins,True
piriform,C0228280,Structure of lateral olfactory gyrus,True
pk,C0031327,PK,True
pl,C4049765,PL,True
place,C1704765,Place,True
placed,C1533810,Placed,True
placement,C1533810,Placement,True
placement - nursing,C0028677,Nursing,True
placement - related,C0445223,Related,True
placements,C0441587,placements,True
places,C0442504,Places,True
plane,C0444660,Plane,True
planes,C1049866,planes,True
planning,C0032074,Planning,True
plantar,C0230463,Plantar,True
plaque,C0332461,Plaque,True
plaque - like,C0439644,Plaque-like,True
plaque - like density,C0178587,Density,True
plaques,C0332461,Plaques,True
plasmacytoma,C0032131,Plasmacytoma,True
plasmapheresis,C0032134,Plasmapheresis,True
plastic,C0032167,Plastic,True
plastics,C0032167,Plastics,True
plasty,C0278261,plasty,True
plate,C0005971,Plate,True
plate - like,C0870814,Like,True
plate - shaped,C0332479,shaped,True
plate like,C0870814,Like,True
platelet,C0005821,Platelet,True
plates,C1139930,Plates,True
plating,C0407295,Plating,True
ple,C0449200,PLE,True
plethora,C0232370,Plethora,True
pleur - ex catheter,C0085590,Catheter,True
pleur - x,C5552667,X,True
pleur - x catheter,C0085590,Catheter,True
pleura,C0032225,PLEURA,True
pleural,C0032225,Pleural,True
pleural - based,C1527178,Based,True
pleural - parenchyma,C0933845,Parenchyma,True
pleural - parenchymal,C0032225,Pleura,True
pleural - pericardial,C0442031,Pericardial,True
pleural drain,C0180499,Drain,True
pleural space,C0178802,pleural space,True
pleural surface,C0205148,Surface,True
pleurisy,C0032231,Pleurisy,True
pleuritis,C0032231,Pleuritis,True
pleuro,C0032225,Pleuro-,True
pleuro - parenchymal,C0682552,Parenchymal cell,True
pleuro - pericarditis,C0031046,Pericarditis,True
pleurocentesis,C0189477,Pleurocentesis,True
pleurodesis,C0189557,Pleurodesis,True
pleuropericarditis,C1167732,Pleuropericarditis,True
pleuroscopy,C0039989,Pleuroscopy,True
pleurx catheter,C0085590,Catheter,True
pleurx catheters,C0085590,Catheters,True
pleurx drain,C0180499,Drain,True
pleurx drainage catheter,C0085590,Catheter,True
pleurx drains,C0180499,Drains,True
plexopathy,C1335437,Plexopathy,True
plexus,C1184808,Plexus,True
plica,C1204543,plica,True
plug,C0182324,Plug,True
plug ' s,C0439118,S,True
plug - like,C0870814,Like,True
plugged,C1135964,Earplugs,True
plugging,C1135964,Earplugs,True
plugs,C0182324,Plugs,True
plural,C0439064,Plural,True
plus,C0332287,Plus,True
pm,C0041188,PM,True
pm - marked,C0041188,PM,True
pm - tube,C0175730,Tube,True
pm s / p,C0439115,P,True
pna,C0600500,PNA,True
pneum,C0032285,PNEUM,True
pneumatic,C4699394,Pneumatic,True
pneumatocele,C0333160,Pneumatocele,True
pneumatoceles,C0333160,pneumatoceles,True
pneumatosis,C0333139,Pneumatosis,True
pneumia,C3436101,Pneumia,True
pneumo,C0684093,pneum(o)-,True
pneumo mediastinum,C0025066,Mediastinum,True
pneumobilia,C1739097,Pneumobilia,True
pneumocephalus,C0032268,Pneumocephalus,True
pneumoconioses,C0032273,Pneumoconioses,True
pneumoconiosis,C0032273,Pneumoconiosis,True
pneumocystis,C1535939,Pneumocystis,True
pneumohydrothorax,C1405195,pneumohydrothorax,True
pneumomediastinum,C0025062,Pneumomediastinum,True
pneumonectomy,C2082610,Pneumonectomy,True
pneumonectomy space,C1883067,Space,True
pneumoni,C0032285,Pneumonia,True
pneumonia,C0032285,Pneumonia,True
pneumonia0,C0032285,Pneumonia,True
pneumoniae,C0032285,Pneumonia,True
pneumonias,C0032285,Pneumonias,True
pneumonitis,C3714636,Pneumonitis,True
pneumonititis,C3714636,Pneumonitis,True
pneumonperitoneum,C0032320,Pneumoperitoneum,True
pneumopathy,C0024115,pneumopathy,True
pneumopericardium,C0032319,Pneumopericardium,True
pneumoperitoneum,C0032320,Pneumoperitoneum,True
pneumoperitoneumunder,C0032320,Pneumoperitoneum,True
pneumopertoneum,C0032320,Pneumoperitoneum,True
pneumoretroperitoneum,C0035361,Pneumoretroperitoneum,True
pneumothorax,C0032326,Pneumothorax,True
pneumothoraxi,C0032326,Pneumothorax,True
pneumothoraxx,C0032326,Pneumothorax,True
pneumperitoneum,C0032320,Pneumoperitoneum,True
point,C1552961,Point,True
point tenderness,C0234233,Tenderness,True
pointed down,C0013080,Down,True
polar,C0813983,polar,True
pole,C0935623,Pole,True
poles,C0337815,poles,True
poly,C0032400,poly,True
polyangiitis,C0264939,Polyangiitis,True
polyarteritis,C0264992,Polyarteritis,True
polyarthropathy,C0702154,Polyarthropathy,True
polycystic,C3273362,Polycystic,True
polyserositis,C0151859,Polyserositis,True
pool,C0337051,Pool,True
pooled,C1709595,Pooled,True
pooling,C2349200,Pooling,True
pools,C0337051,pools,True
poor,C2700379,Poor,True
poor aeration,C2215609,aeration,True
poor definition,C3539107,Definition,True
poor inspiration,C0004048,Inspiration,True
poor positioning,C0733755,Positioning,True
poor visibility,C5706993,Poor Visibility,True
poor visualization,C2827662,Visualization,True
poorly,C0205169,Poorly,True
poorly - defined,C3539106,Defined,True
poorly assessed,C1516048,Assessed,True
poorly characterized,C1880022,Characterized,True
poorly defined,C3539106,Defined,True
poorly evaluated,C0220825,Evaluated,True
poorly functioning,C0205245,Functioning,True
poorly identified,C1550043,Identified,True
poorly seen,C0205397,seen,True
poorly visualized,C0234621,Visualized,True
popcorn,C0452681,Popcorn,True
popcorn - like,C0870814,Like,True
popliteal,C0442037,popliteal,True
population,C0032659,Population,True
porcelain,C0011392,Porcelain,True
porcine,C4554819,Porcine,True
port,C0452253,Port,True
port - a,C0452253,Port,True
port - a - cath,C3495140,Port A Cath,True
port - a - cath ending,C2746065,Ending,True
port - a - cath system,C5444317,SYSTEM:*,True
port - a - catheter,C0085590,Catheter,True
port - a - tip,C1705504,TIP,True
port - a cath,C3495140,Port A Cath,True
port / central,C1879652,Central -,True
port a,C0452253,Port,True
port a - cath,C3495140,Port A Cath,True
port a cath,C3495140,Port A Cath,True
port catheter,C3494350,Port Catheter,True
port ends,C0444930,ends,True
port place,C1704765,Place,True
port tip,C1705504,TIP,True
porta - a - cath,C0227089,Deciduous maxillary right second molar tooth,True
porta - cut catheter,C0085590,Catheter,True
porta catheter,C0085590,Catheter,True
portable,C4299032,Portable,True
portable supine technique,C0449851,Technique,True
portacath,C3495140,Portacath,True
portal,C0205054,Portal,True
portion,C0449719,Portion,True
ports,C0475311,ports,True
positio,C0733755,Positioning Attribute,True
position,C0733755,Position,True
position - dependent,C0851827,Dependent,True
position en - face,C0015450,Face,True
positional,C0240795,positional,True
positioning,C0733755,Positioning,True
positions,C0733755,positions,True
positive,C1514241,Positive,True
possible,C0332149,Possible,True
possibly,C0332149,POSSIBLY,True
posssible,C0332149,Possible,True
post,C1704687,Post,True
post - abdominal,C5200941,Abdominal,True
post - aortic,C0003483,Aortic,True
post - biopsy,C0220797,biopsy,True
post - bioptic,C0491750,Bioptic,True
post - bronchoscopic,C0442419,bronchoscopic,True
post - bronchoscopy,C2599595,post bronchoscopy,True
post - bullectomy,C0687676,Post,True
post - bypass,C0813207,Bypass,True
post - cabg,C0010055,CABG,True
post - changes,C0392747,changes,True
post - chemoradiation,C0436307,Chemoradiation,True
post - chest,C0817096,Chest,True
post - cholecystectomy,C0152099,post cholecystectomy,True
post - cyberknife,C1300683,CyberKnife,True
post - drainage,C2926602,Drainage,True
post - effusion,C0013687,Effusion,True
post - esophageal,C1522619,Esophageal,True
post - esophagectomy,C0085198,Esophagectomy,True
post - esophagogastrectomy,C0192296,Esophagogastrectomy,True
post - expansion,C0687676,Post,True
post - explanation,C0681841,Explanation,True
post - extubation,C0553891,Extubation,True
post - fibrotic,C0334129,fibrotic,True
post - infarct,C0021308,Infarct,True
post - infarction,C0021308,Infarction,True
post - infection,C0009450,Infection,True
post - infectious,C0009450,Infectious,True
post - inflammatory,C0333348,Inflammatory,True
post - insertion,C0441587,Insertion,True
post - intervention,C2347647,Post-intervention,True
post - interventional,C0184661,Interventional,True
post - intubation,C0021925,Intubation,True
post - irradiation,C1522449,Irradiation,True
post - kyphoplasty,C1455863,Kyphoplasty,True
post - laparoscopic,C0031150,Laparoscopic,True
post - lavage,C0022100,Lavage,True
post - lobectomy,C0023928,Lobectomy,True
post - median,C2939193,Median,True
post - mediastinoscopy,C0025065,Mediastinoscopy,True
post - obstructing,C0687676,Post,True
post - obstructive,C0549186,Obstructive,True
post - occlusive,C1947917,Occlusive,True
post - op,C0687676,Post,True
post - op changes,C0392747,changes,True
post - op widening,C0332464,Widening,True
post - operative,C0241311,post operative,True
post - operative site,C0332850,Operative site,True
post - operatively,C0687676,Post,True
post - pericardiotomy,C0242427,Pericardiotomy,True
post - pericardotomy,C0242427,Pericardotomy,True
post - pleurectomy,C0152463,Pleurectomy,True
post - pleurodesis,C0189557,Pleurodesis,True
post - pneumonectomy,C2082610,Pneumonectomy,True
post - pneumonia,C2062928,post pneumonia,True
post - pneumonic,C0687676,Post,True
post - posteromedially,C0687676,Post,True
post - primary,C0205225,Primary,True
post - procedural,C5885899,Post-procedural,True
post - procedure,C3272301,Post-Procedure,True
post - procedureal,C0687676,Post,True
post - pyloric,C0034196,Pyloric,True
post - pyloric position,C0733755,Position,True
post - pylorically,C0687676,Post,True
post - radiation,C0445177,Post-radiation,True
post - radiative,C0687676,Post,True
post - radiaton,C0687676,Post,True
post - radic,C1328660,Radic,True
post - reexpansion,C0687676,Post,True
post - repair,C1705181,Repair,True
post - replacement,C0035139,Replacement,True
post - resection,C0015252,Resection,True
post - resuscitation,C0035273,Resuscitation,True
post - rf,C0748398,RF,True
post - rfa,C0687676,Post,True
post - rfa site,C1515974,Site,True
post - sarcoidosis,C0036202,Sarcoidosis,True
post - sternotomy,C0185792,Sternotomy,True
post - surgery,C0241311,Post surgery,True
post - surgical,C0543467,Surgical,True
post - surgically,C0543467,Surgically,True
post - tace,C1569773,TACE,True
post - thoracentesis,C0189477,Thoracentesis,True
post - thoracocentesis,C0189477,Thoracocentesis,True
post - thoracotomy,C0039991,Thoracotomy,True
post - thyroidectomy,C0040145,Thyroidectomy,True
post - tracheostomy,C0040590,Tracheostomy,True
post - transplant,C0478647,transplant,True
post - trauma,C3263723,Trauma,True
post - traumatic,C0332663,Traumatic,True
post - treatment,C1882428,Post-Treatment,True
post - tuberculous,C0041296,Tuberculous,True
post - vats,C3267126,VATS,True
post - vertebroplasty,C1303192,Vertebroplasty,True
post - wedge,C0439639,Wedge,True
post op,C0687676,Post,True
post operative setting,C0542559,setting,True
post orif,C0747060,ORIF,True
post postradiation changes,C0392747,changes,True
post pyloric,C0034196,Pyloric,True
post re - expansion,C0687676,Post,True
postal,C1514253,Postal,True
poster,C0376675,Poster,True
posteriolateral - right,C0205090,Right,True
posterior,C0205095,Posterior,True
posterior - basal,C0205112,Basal,True
posterior - inferior,C0542339,Inferior,True
posterior arch,C0741204,Arch,True
posterior course,C0750729,Course,True
posterior direction,C0700158,Direction,True
posteriorinerior,C0205095,Dorsal,True
postero - inferior,C1179852,Postero-inferior,True
postero - lateral,C0205093,Lateral,True
posterolateral,C0332195,Posterolateral,True
posteromedial,C1179848,Posteromedial,True
posteromedially,C1179848,Posteromedial,True
postinfectious,C4510862,Tic due to and following infection,True
postop,C0032790,Postop,True
postop day 1,C2827734,1+,True
postoperative,C0032790,Postoperative,True
postoperatively,C0032790,Postoperative Period,True
postpartum,C0086839,Postpartum,True
postpericardiotomy,C0265182,Postpericardiotomy pericarditis,True
postprocedure,C3272301,Post-Procedure,True
postreatment,C1882428,Post-Therapy,True
posttraumatic,C5453015,Posttraumatic,True
posttreatment,C1882428,Posttreatment,True
postural,C0205278,Postural,True
posture,C1262869,Posture,True
potential,C3245505,Potential,True
pouch,C0222017,Pouch,True
power,C0032863,Power,True
power flush,C0016382,Flush,True
powered,C0032863,powered,True
ppm,C1335381,PPM,True
pr,C1521726,PR,True
practically absence,C1689985,Absence,True
pre,C0740175,Pre,True
pre - cardial,C0332152,Before,True
pre - described,C1552738,described,True
pre - disposition,C0743223,Disposition,True
pre - edema,C0013604,Edema,True
pre - existed,C0332152,Before,True
pre - existent,C0332152,Before,True
pre - existing,C2347662,Pre-existing,True
pre - operative,C0445204,Pre-operative,True
pre - operatively,C0332152,Before,True
pre - pontine,C0032639,Pontine,True
pre - pyloric,C0034196,Pyloric,True
precarinal,C3897868,Precarinal,True
preceding,C0332152,Preceding,True
precipitate,C4319723,Precipitate,True
precise evaluation,C1261322,Evaluation,True
precise extent,C0439792,Extent,True
precursor,C1709634,Precursor,True
predate,C0699540,Predate,True
predisposition,C0012655,Predisposition,True
predominant,C1542147,Predominant,True
predominate,C0332251,Predominate,True
predominately,C0332251,Predominately,True
predominating,C0332251,predominating,True
preexisting,C2347662,Preexisting,True
pregnancy,C0549206,Pregnancy,True
pregnant,C0549206,Pregnant,True
preliminary,C0439611,Preliminary,True
premature,C4018905,Premature,True
preop,C1547580,Preop,True
preoperative,C0445204,Preoperative,True
presence,C0150312,Presence,True
present,C0150312,Present,True
presentation,C0449450,Presentation,True
presently,C0750528,presently,True
preservation,C0033085,Preservation,True
preserved,C0033085,Preserved,True
pressure,C0460139,pressure,True
pressure support,C0419008,pressure support,True
pressures,C0460139,pressures,True
presumed,C4684849,Presumed,True
presumptive,C3640893,Presumptive,True
prevalent,C5204628,Prevalent,True
prevascular,C0442171,Prevascular,True
previous,C0205156,Previous,True
previous site,C1515974,Site,True
primary,C0205225,Primary,True
prior,C0332152,Prior,True
probable,C0332148,Probable,True
probably,C0332148,Probably,True
probe,C0182400,Probe,True
probes,C0182400,Probes,True
problem,C0033213,Problem,True
problem side,C0441987,Side,True
problems,C1546466,Problems,True
procedure,C0184661,Procedure,True
procedure - related,C2924519,Procedure-related,True
procedures,C0184661,Procedures,True
process,C4521054,Process,True
processed,C1522240,Processed,True
product,C1514468,Product,True
productive,C6021360,Productive,True
profile,C2003903,Profile,True
profound,C0439808,Profound,True
progress,C1272688,progress,True
progressed,C1272688,progressed,True
progressed from,C1272688,progressed,True
progressing,C0205329,progressing,True
progression,C0242656,Progression,True
progressive,C0205329,Progressive,True
project,C1709701,Project,True
projected,C0016538,Projected,True
projectile ' s,C0439118,S,True
projection,C0348018,Projection,True
projection artifact,C0085089,Artifact,True
projections,C0016538,projections,True
prolapse,C0033377,Prolapse,True
proliferation,C0334094,Proliferation,True
proliferative,C0334094,proliferative,True
prolonged,C0439590,Prolonged,True
prominent,C0205402,Prominent,True
prominent bulge,C0038999,Bulge,True
prone,C0033422,Prone,True
prone position,C0033422,Prone position,True
proportion,C1709707,Proportion,True
proportional,C0205351,Proportional,True
proportionate,C0205351,Proportionate,True
proportions,C1709707,Proportion,True
prostate,C4266527,Prostate,True
prostatic,C0033572,PROSTATIC,True
prostheses,C0175649,Prostheses,True
prosthesis,C0175649,Prosthesis,True
proteinosis,C0268422,Proteinosis,True
protruding,C0333056,protruding,True
protrusion,C0333056,Protrusion,True
proven,C0456369,Proven,True
prox,C1434161,proX,True
proximal,C4489236,Proximal,True
proximal - mid,C0444598,Mid,True
proximal - most,C0205393,Most,True
proximal - to - mid,C0444598,Mid,True
proximal level,C0456079,Level,True
proximal port,C0452253,Port,True
proximal portion,C0449719,Portion,True
proximal position,C0733755,Position,True
proximal side hole,C0544726,Hole,True
proximal side holes,C0544726,Holes,True
proximal side port,C0452253,Port,True
proximal side ports,C0475311,ports,True
proximal to the confluence,C0205107,Proximal,True
proximal weighted portion,C0449719,Portion,True
proximity,C1514583,Proximity,True
pruning,C0453309,pruning,True
pseudo,C0205237,Pseudo,True
pseudo - obstruction,C0333173,Pseudo-obstruction,True
pseudoaneurysm,C1510412,Pseudoaneurysm,True
pseudoarthrosis,C0033785,Pseudoarthrosis,True
pseudocyst,C0333161,Pseudocyst,True
pseudocysts,C0333161,pseudocysts,True
pseudomonas,C0033817,Pseudomonas,True
pseudotumor,C0033844,Pseudotumor,True
pt,C0560012,pt,True
ptbd,C0657162,PTBD,True
ptc,C0238463,PTC,True
ptld,C0432487,PTLD,True
ptosis,C0005745,Ptosis,True
ptx,C0030899,PTX,True
ptx s,C0439118,S,True
pubic,C0034014,Pubic,True
pul,C0449197,PUL,True
pull,C0580846,pull,True
pull - back,C0205095,Back,True
pull - through,C0332273,Through,True
pull - through at,C0332273,Through,True
pull - up,C0547043,Up,True
pull - up procedure,C0184661,Procedure,True
pull back,C0205095,Back,True
pull through,C0332273,Through,True
pull up,C0547043,Up,True
pulled,C0580846,pulled,True
pulled back,C0205095,Back,True
pulled back a few centimeters,C0475210,centimeters,True
pulled down,C0013080,Down,True
pulling,C0580846,pulling,True
pulling back,C0205095,Back,True
pulm,C1315068,PULM,True
pulm edema,C0013604,Edema,True
pulm htn,C0020538,htn,True
pulm opacities,C0029053,opacities,True
pulm vessels,C0005847,vessels,True
pulmomonary,C0024109,Lung,True
pulmonale,C0034072,Cor pulmonale,True
pulmonarial,C0697197,Pulmonaria,True
pulmonary,C4522268,Pulmonary,True
pulmonary - disease,C0024115,Pulmonary disease,True
pulmonary - vascular,C0005847,Vascular,True
pulmonaryhypertension,C0020542,Pulmonary Hypertension,True
pulmonic,C0225935,Structure of anulus fibrosus of pulmonary artery,True
pulmononary,C0024109,Lung,True
pulse,C0391850,Pulse,True
pump,C0182537,Pump,True
punched,C0182555,punched,True
punctate,C0205330,Punctate,True
puncture,C0033119,Puncture,True
purchase,C0870238,Purchase,True
pure,C4724033,Pure,True
purged,C1548399,purged,True
purpose,C1285529,Purpose,True
purulent,C0439665,Purulent,True
pus,C0424924,PUS,True
pushed,C5686944,Pushed,True
pushed down,C0013080,Down,True
pushed down of 8 centimeters,C0475210,centimeters,True
pushed forward,C0439780,Forward,True
pushes,C0580841,Pushes,True
pushing,C1276425,Pushing,True
put,C1882509,Put,True
pyelogram,C0034185,Pyelogram,True
pyelonephritis,C0034186,Pyelonephritis,True
pyloric,C0034196,Pyloric,True
pylorus,C0034196,Pylorus,True
pyogenic,C5453042,Pyogenic,True
pyopneumothorax,C0238404,Pyopneumothorax,True
pyothorax,C0014013,Pyothorax,True
pyrosis,C0018834,Pyrosis,True
q . d,C3843456,D,True
quadrant,C1631280,Quadrant,True
quadrant -- pills,C0994475,Pills,True
quality,C0332306,Quality,True
quality to confluence,C0332306,Quality,True
quantities,C1265611,QUANTITIES,True
quantity,C1265611,Quantity,True
quarter,C2825406,Quarter,True
query,C3543841,Query,True
question,C1522634,Question,True
questionable,C0332241,Questionable,True
quick,C0456962,quick,True
quite a bit,C4321356,Quite a Bit,True
quite difficult,C0332218,Difficult,True
quite severe,C0205082,Severe (severity modifier),True
quite well seen,C0205397,seen,True
r,C0439117,R,True
r - 11th,C0205445,11th,True
r - ij,C0003765,arginine,True
r - picc,C0179740,picc,True
r > l,C0227103,L,True
r effusion,C0013687,Effusion,True
r ij catheter,C0085590,Catheter,True
r ij cvl,C2349087,CVL,True
r ij line,C0205132,Line,True
r picc,C0179740,picc,True
r picc tip,C1705504,TIP,True
r port - a - cath,C0003765,arginine,True
r ptx,C0030899,PTX,True
r sdh,C0018946,sdh,True
ra,C0178837,RA,True
ra - svc,C0231957,svc,True
ra - svc junction,C0205144,Junction,True
ra junction,C0205144,Junction,True
radial,C0442038,Radial,True
radiated,C0332301,radiated,True
radiating,C0332301,radiating,True
radiation,C0034519,Radiation,True
radiation - induced,C0205263,Induced,True
radiation - related,C0445223,Related,True
radiation therapy,C1363945,Therapy,True
radical,C0302912,Radical,True
radio,C0034546,Radio,True
radio - densities,C0178587,densities,True
radio - density,C0178587,Density,True
radio - opaque,C0029053,opaque,True
radiodense,C5970251,Radiodense,True
radiodensity,C3272911,Radiodensity,True
radiofrequency,C2347883,radiofrequency,True
radiograph,C1306645,Radiograph,True
radiographic,C0444708,Radiographic,True
radiographic component,C0449432,Component,True
radiographs,C1306645,radiographs,True
radioisotope,C0034595,Radioisotope,True
radiologic,C0034599,Radiologic,True
radiolucency,C2827491,Radiolucency,True
radiolucent,C0443285,Radiolucent,True
radionuclide,C0034595,Radionuclide,True
radioopaque,C0302587,radioopaque,True
radiopaque,C2930749,Radiographic contrast media,True
radiopaque material,C0520510,Material,True
radiopaque structure,C0678594,Structure,True
radiosurgery,C0085203,Radiosurgery,True
radiotherapy,C1522449,Radiotherapy,True
radiotracer,C0597354,radiotracer,True
raised,C0442818,Raised,True
rales,C0034642,Rales,True
ram,C3890009,RAM,True
range,C3542016,Range,True
ranges,C1514721,*Ranges,True
rapid,C0456962,Rapid,True
rapidly,C0456962,Rapidly,True
rare,C0521114,Rare,True
rarefied,C0332550,Rarefied,True
rarely,C0522498,Rarely,True
rash,C0302295,Rash,True
rashes,C5779628,Rashes,True
rate,C0871208,Rate,True
rated,C0871208,Rated,True
rather,C4698491,Rather,True
ratio,C0456603,RATIO,True
ratios,C0456603,Ratios,True
raw,C4048282,R>AW<,True
ray,C5444437,RAY,True
rcc,C0007134,rcc,True
re,C0586866,RE,True
re - accumulated,C0228327,Reuniens Thalamic Nucleus,True
re - accumulating,C0228327,Reuniens Thalamic Nucleus,True
re - accumulation,C4055506,Accumulation,True
re - adjusted,C0456081,Adjusted,True
re - adjustment,C0456081,Adjustment,True
re - aerated,C0228327,Reuniens Thalamic Nucleus,True
re - aeration,C2215609,aeration,True
re - ajustment,C0228327,Reuniens Thalamic Nucleus,True
re - aspiration,C2712334,Aspiration,True
re - demonsrated,C0228327,Reuniens Thalamic Nucleus,True
re - demonstrated,C0228327,Reuniens Thalamic Nucleus,True
re - demonstration,C0228327,Reuniens Thalamic Nucleus,True
re - demostrated,C0228327,Reuniens Thalamic Nucleus,True
re - developed,C0228327,Reuniens Thalamic Nucleus,True
re - development,C0243107,development,True
re - direction,C0700158,Direction,True
re - distributed,C1704711,Distributed,True
re - distribution,C0037775,Distribution,True
re - emphasizing,C0228327,Reuniens Thalamic Nucleus,True
re - exansion,C0228327,Reuniens Thalamic Nucleus,True
re - expand,C0205229,Expand,True
re - expanded,C0205229,expanded,True
re - expanding,C0205229,Expanding,True
re - expansion,C0228327,Reuniens Thalamic Nucleus,True
re - expansions,C0228327,Reuniens Thalamic Nucleus,True
re - identified,C1550043,Identified,True
re - identify,C0228327,Reuniens Thalamic Nucleus,True
re - imaged,C0228327,Reuniens Thalamic Nucleus,True
re - improvement,C2986411,Improvement,True
re - increased,C5236002,Increased,True
re - inflated,C0228327,Reuniens Thalamic Nucleus,True
re - inflation,C1318493,Inflation,True
re - inserted,C0441587,Inserted,True
re - intubation,C0021925,Intubation,True
re - istribution,C0228327,Reuniens Thalamic Nucleus,True
re - occurred,C1709305,Occurred,True
re - of,C0586866,RE,True
re - opening,C0175566,Opening,True
re - positioned,C0228327,Reuniens Thalamic Nucleus,True
re - positioning,C0733755,Positioning,True
re - wired,C0228327,Reuniens Thalamic Nucleus,True
reabsorption,C2610986,Renal Reabsorption,True
reach,C2584321,Reach,True
reach well,C5575035,Well,True
reaches,C0596012,Reaches,True
reaching,C2584321,Reaching,True
reaction,C0443286,Reaction,True
reaction to inhaled substances,C0439861,Substances,True
reaction to transfusion,C1879316,Transfusion,True
reactions,C0442740,No reaction,True
reactivated,C0521123,Reactivated,True
reactivation,C4086768,Reactivation,True
reactive,C4722408,Reactive,True
reactive a shin,C0230444,Shin,True
reactive nodes,C0746922,nodes,True
reactivity,C0443286,Reactivity,True
read,C0034754,Read,True
readily assessed,C1516048,Assessed,True
readily visible,C0205379,Visible,True
real,C0237400,Real,True
rearrangement,C1511695,Rearrangement,True
reason,C0392360,Reason,True
reasoning,C0684328,Reasoning,True
reasons,C0392360,reasons,True
reassuring,C0557055,Reassuring,True
recent,C0332185,Recent,True
recent exam from,C0582103,Exam,True
recent j - tube,C0175730,Tube,True
recent re - expansion,C0228327,Reuniens Thalamic Nucleus,True
recently,C0332185,Recently,True
receptacle,C2700632,Receptacle,True
recesses,C4239574,Recesses,True
recommend advancement,C0441478,Advancement,True
recommendation,C0034866,Recommendation,True
reconstitution,C4525117,Reconstitution Time,True
reconstruction,C0524865,Reconstruction,True
reconstructions,C0524865,reconstructions,True
recorder,C0182913,Recorder,True
recover,C0521108,recover,True
recovered,C0521108,recovered,True
recrudescence,C0086898,Recrudescence,True
recruitment,C0271510,Recruitment,True
rectal,C4521903,Rectal,True
rectangular,C0205142,Rectangular,True
rectangular - shaped,C0332479,shaped,True
rectum,C0034896,Rectum,True
recumbency,C3687379,Lateral recumbency,True
recumbent,C0444334,Recumbent,True
recurred,C0034897,recurred,True
recurrence,C2825055,Recurrence,True
recurrent,C5980458,Recurrent,True
recurring,C0034897,recurring,True
redistribution,C0332620,Redistribution,True
redo,C0439617,Redo,True
reduced,C0392756,Reduced,True
reducible,C0205337,Reducible,True
reducing,C0392756,reducing,True
reduction,C0392756,Reduction,True
redundancy,C1313915,Redundancy,True
redundant,C0425087,Redundant,True
reference,C1514811,Reference,True
referring,C0205543,Referring,True
reflect,C0558058,reflect,True
reflected,C0558058,reflected,True
reflects,C0558058,reflects,True
reflex,C0596002,Reflex,True
reflux,C0232483,Reflux,True
region,C0205147,Region,True
regional,C0205147,Regional,True
regressed markedly,C0522501,Markedly,True
regressing,C0684320,Regressing,True
regression,C0684320,Regression,True
regular,C0205272,Regular,True
regularity,C0205272,Regularity,True
regurgitation,C0232605,regurgitation,True
reinsertion,C0035139,reinsertion,True
reintubated,C4698387,Reintubated,True
reintubation,C0860359,Reintubation,True
relapsed,C0205336,relapsed,True
relapsing,C0205336,relapsing,True
relate,C0163712,relate,True
related,C0445223,Related,True
related - opacity,C1265876,Opacity,True
relates,C0163712,relates,True
relations,C0869014,Relations,True
relationship,C0439849,Relationship,True
relative,C0080103,Relative,True
relatives,C0080103,Relatives,True
relax,C0035028,Relax,True
relaxation,C0035028,Relaxation,True
relaxation atelectasis,C0004144,Atelectasis,True
relaxed,C0035028,Relaxed,True
relevant,C2347946,Relevant,True
reliable,C3858758,reliable,True
relieving,C1301676,Relieving,True
relocated,C2699029,Relocated,True
remainder exam,C0582103,Exam,True
remaining,C1527428,Remaining,True
reminder,C1709896,Reminder,True
remission,C0544452,Remission,True
remnant,C4554476,Remnant,True
remodeled,C0085268,Bone remodeling,True
remodeling,C3849973,4-(4-cyanophenyl)-2-(2-cyclopentylidenehydrazinyl)thiazole,True
remote,C0443203,Remote,True
removal,C0015252,Removal,True
removals,C0015252,removals,True
removed,C0849355,Removed,True
renal,C0022646,Renal,True
renal cell,C0553257,Renal cell,True
rent,C1555586,Rent,True
repair,C1705181,Repair,True
repaired,C0205340,Repaired,True
repairs,C0043240,repairs,True
repeat,C1547730,Repeat,True
repeated,C0205341,Repeated,True
replace,C1554078,Replace,True
replaced,C0559956,Replaced,True
replacement,C0035139,Replacement,True
replacements,C0035139,replacements,True
replaces,C1550539,replaces,True
replacing,C1299987,replacing,True
replete,C4084254,REPLETE,True
reposition,C0556030,Reposition,True
reposition it,C0677897,IT,True
repositioned,C0556030,Repositioned,True
repositioning,C0556030,Repositioning,True
represent,C1882932,Represent,True
representative,C1882932,Representative,True
requirement,C1514873,Requirement,True
requirements,C4284141,Risk Evaluation and Mitigation Strategies Requirement,True
resected,C1521996,Resected,True
resection,C0015252,Resection,True
resection bed,C3159311,BED,True
resections,C0015252,resections,True
resections x2 w,C0439121,W,True
reserve,C2347957,Reserve,True
reservoir,C0442537,Reservoir,True
reside,C2982691,Reside,True
resident,C1320928,Resident,True
residual,C1609982,Residual,True
residual focus,C0205234,Focus,True
residuals,C1609982,residuals,True
residue,C1709915,Residue,True
resistance,C1514892,Resistance,True
resistant,C2827757,Resistant,True
resolution,C1514893,Resolution,True
resolve,C2699488,Resolve,True
resolved,C1514893,Resolved,True
resolving,C3714811,resolving,True
resorption,C2985494,Resorption,True
resort shin,C0230444,Shin,True
respect,C0679133,Respect,True
respects,C0679133,respects,True
respiration,C0035203,Respiration,True
respirator,C0042497,Respirator,True
respiratory,C0521346,Respiratory,True
respiratory there ford,C0231832,Respiratory rate,True
response,C1704632,Response,True
responsible,C1273518,Responsible,True
responsive,C0205342,Responsive,True
rest,C1742913,REST,True
restoration,C0449982,Restoration,True
restricted,C0443288,Restricted,True
restricting,C0443288,restricting,True
restriction,C0443288,Restriction,True
restricts,C0443288,restricts,True
rests,C0035253,Rests,True
resulting,C0678226,resulting,True
resuscitation,C0035273,Resuscitation,True
retain,C0333118,Retain,True
retained,C0333118,Retained,True
retention,C0333117,Retention,True
reticular,C0439739,Reticular,True
reticular - nodular,C0205297,Nodular,True
reticular pattern,C1335761,Reticular Pattern,True
reticulo - nodular,C0205297,Nodular,True
retract,C0332523,retract,True
retracted,C0332523,Retracted,True
retractile,C1817208,retractile pole,True
retracting,C0332523,retracting,True
retraction,C0332523,Retraction,True
retrieval,C1514918,Retrieval,True
retro,C0205095,Retro-,True
retro - sternal,C0038293,Sternal,True
retrocrural,C3641646,Retrocrural,True
retroesophageal,C4086828,Retroesophageal,True
retrograde,C0589500,Retrograde,True
retrograde fashion,C0439784,Retrograde direction,True
retrolisthesis,C1562792,Retrolisthesis,True
retroperitoneal,C0035359,Retroperitoneal,True
retroperitoneum,C0035359,Retroperitoneum,True
retropharyngeal,C0521366,retropharyngeal,True
retropulsion,C0277845,Retropulsion,True
retrospectively,C0035363,Retrospective Studies,True
retrosternal,C0442179,Retrosternal,True
retrosternally,C0442179,Retrosternal,True
retrotracheal,C1514924,Retrotracheal,True
return,C0332156,Return,True
returned back up,C0547043,Up,True
revascularization,C0581603,Revascularization,True
reveal,C0443289,reveal,True
revealed,C0443289,Revealed,True
revealing,C0443289,revealing,True
reversal,C0443290,Reversal,True
reverses,C1555029,reverses,True
reversible,C0205343,Reversible,True
revised,C1527075,Revised,True
revision,C0558347,Revision,True
rf,C0748398,RF,True
rhe,C1432875,Rhe,True
rheumatic,C0035435,RHEUMATIC,True
rheumatoid,C2889385,Rheumatoid factor positive rheumatoid arthritis,True
rhomboid,C1260952,Rhomboid,True
rhonchi,C0035508,Rhonchi,True
rhythm,C0871269,Rhythm,True
rib,C0035561,Rib,True
rib - based,C1527178,Based,True
rib - series,C0205549,Series,True
ribbon - like,C0870814,Like,True
ribcage,C0222762,Ribcage,True
ribs,C0035561,Ribs,True
ridging,C0332243,Ridging,True
rifaximin,C0073374,Rifaximin,True
rig,C2987135,RIG,True
right,C0444532,Right,True
right ' subclavian,C0694675,right subclavian,True
right - 11th,C0205445,11th,True
right - anterolateral,C0332194,Anterolateral,True
right - approach,C0449445,Approach,True
right - convex,C0443195,right convex,True
right - hemithorax,C0230127,Right hemithorax,True
right - mid,C0444598,Mid,True
right - opacity,C1265876,Opacity,True
right - pleural,C0032225,Pleural,True
right - posterior,C0456855,Right posterior,True
right - shift,C0427514,Right shift,True
right - side,C0205090,Right side,True
right - sided,C0444532,Right-Sided,True
right - sized,C0205090,Right,True
right - ventricular,C0018827,Ventricular,True
right - ward,C1305702,Ward,True
right -- cath,C0205090,Right,True
right -- small,C0205090,Right,True
right / mid,C0444598,Mid,True
right 4th,C0205438,4th,True
right arm,C4048756,Right Arm,True
right internal jugular vein,C0501117,Right internal jugular vein,True
right place,C1704765,Place,True
right port,C0452253,Port,True
right shoulder,C0524468,Right shoulder,True
right side,C0205090,Right side,True
right sided,C0444532,Right-Sided,True
rights,C0035621,rights,True
rightward,C5570774,Rightward,True
rightward - shifted,C0333051,shifted,True
rigid,C0026837,Rigid,True
rigth picc,C0179740,picc,True
rij catheter,C0085590,Catheter,True
rij cv,C0280551,CV,True
rij cvl,C2349087,CVL,True
rij line,C0205132,Line,True
rij port,C0452253,Port,True
rij swan,C0325528,Swan,True
rim,C1308727,RIM,True
rim - calcified,C0175895,Calcified,True
rim - circumscribed,C1282914,Circumscribed,True
rim - like,C0870814,Like,True
rim calcified,C0175895,Calcified,True
rim veins,C0042449,Veins,True
rind,C0553690,RIND,True
ring,C1260969,Ring,True
ring - like,C0870814,Like,True
ring - shadow,C0332554,Shadow,True
ring - shaped,C0332479,shaped,True
ring shadowing,C0600111,Shadowing,True
ring shadows,C0332554,shadows,True
rings,C1260969,Rings,True
rise,C4321377,RiSE,True
risk,C0035647,Risk,True
rll - underlying,C4722602,Underlying,True
ro,C2987048,RO,True
robust,C2986815,Robust,True
rod,C1947942,Rod,True
rods,C0206427,Rods,True
role,C1705810,Role,True
role bulge,C0038999,Bulge,True
roof,C0557685,Roof,True
room,C1547120,Room,True
root,C0040452,Root,True
rope - like,C0870814,Like,True
rotated,C0231458,Rotated,True
rotated positioning,C0733755,Positioning,True
rotation,C3669037,Rotation,True
rotation limits evaluation,C1261322,Evaluation,True
rotational,C0445237,Rotational,True
rotational changes,C0392747,changes,True
rotations,C0035868,Rotations,True
rotator,C0183065,rotator,True
rotator cuff,C3668885,Cuff,True
rotator cuff repair,C0186666,Rotator cuff repair,True
rotoscoliosis,C1608420,Rotoscoliosis,True
round,C0332490,Round,True
round shape,C0332490,Round shape,True
rounded,C0332490,Rounded,True
rounded configuration,C0449830,Configuration,True
rounded region,C0205147,Region,True
rounded structure,C0678594,Structure,True
roundeded,C0332490,Round shape,True
route,C0449444,Route,True
routine,C0205547,Routine,True
roux - en - y,C0002804,Roux-en-Y,True
row,C1552846,Row,True
rows,C1552840,rows,True
rpo position,C0733755,Position,True
rt,C2953923,RT,True
rt . apex,C0140145,APEX,True
rudimentary,C3550450,Rudimentary,True
rue,C0330929,Rue,True
rue picc,C0179740,picc,True
rugae,C0447420,Rugae,True
rugger - appearance,C0233426,Appearance,True
rugger - spine,C0037949,Spine,True
rul opacification,C0449584,Opacification,True
rule,C1446409,rule,True
rule - out,C0332196,Rule out,True
run,C1704688,Run,True
run from,C0600140,run,True
running,C2346414,running,True
running up,C0547043,Up,True
runs,C0600140,Runs,True
runs a course,C0750729,Course,True
rupture,C3203359,Rupture,True
ruptured,C3203359,Ruptured,True
ruptures,C3203359,Ruptures,True
ruq,C0230177,RUQ,True
rv,C0035190,RV,True
rvc,C0231968,RVC,True
rvot,C1275831,RVOT,True
rx,C0475287,RX,True
s,C0439118,S,True
s - shape,C0522512,Shape,True
s - shaped,C0332479,shaped,True
s / p,C0227095,P,True
s shaped,C0332479,shaped,True
s type,C0332307,Type,True
saber,C4763970,SABER,True
saber - shaped,C0332489,Saber shaped,True
saber - sheath,C0009653,Sheath,True
sable,C0325046,Sable,True
sac,C1325744,SAC,True
saccular,C0205137,Saccular,True
saccule,C0036029,Saccule,True
sacral,C0036033,Sacral,True
sacroiliac,C0555898,sacroiliac,True
sacrum,C0036037,Sacrum,True
safe,C4684764,SAFE,True
safe position,C0733755,Position,True
safe positioning,C0733755,Positioning,True
safety,C0036043,Safety,True
safety pin,C0282612,PIN,True
sagittal,C0935598,Sagittal,True
sah,C0574211,SAH,True
sail - shaped,C0332479,shaped,True
salicylism,C0161544,Salicylism,True
saline,C0036082,Saline,True
salivary,C0442040,Salivary,True
salpingo - oophorectomy,C0036132,Salpingo-oophorectomy,True
salt,C0036140,Salt,True
same,C0445247,Same,True
same - day,C0439505,/day,True
same day,C0439505,/day,True
san,C0574346,SAN,True
sarcoid,C0036202,sarcoid,True
sarcoid_,C0036202,sarcoid,True
sarcoidosis,C0036202,Sarcoidosis,True
sarcoma,C1261473,Sarcoma,True
sat,C0574418,SAT,True
satellite,C0332221,Satellite,True
satisfactory,C1547307,Satisfactory,True
satisfactory location,C1515974,Location,True
satisfactory position,C0733755,Position,True
saturation,C0522534,Saturation,True
sausage,C0452945,Sausage,True
save,C2347840,Save,True
sbp,C0085805,SBP,True
scaffold,C0337143,Scaffold,True
scaffolding,C0337143,scaffolding,True
scale,C5444316,SCALE:*,True
scalloping,C0456688,Scalloping,True
scalp,C0036270,Scalp,True
scan,C0034606,Scan,True
scanning,C0034606,Scanning,True
scans,C0441633,Scans,True
scant,C3833383,Scant,True
scaphoid,C0223724,Scaphoid,True
scapula,C0036277,Scapula,True
scapulae,C0036277,Scapulae,True
scapular,C0733999,Scapular line,True
scapularis,C3672917,Alisterus scapularis scapularis,True
scar,C2004491,Scar,True
scar - like,C0870814,Like,True
scar formation,C1822291,Scar formation,True
scar formations,C0439634,Formations,True
scar tissue,C2004491,Scar tissue,True
scaring,C0015726,scaring,True
scarred,C0008767,Scarred,True
scarring,C2004491,Scarring,True
scars,C2004491,Scars,True
scatter,C0439742,scatter,True
scattered,C0439742,Scattered,True
scc,C4724080,SCC,True
scenario,C0683579,scenario,True
schmorl,C1294009,Schmorl stain method,True
scintigraphy,C0034606,Scintigraphy,True
scl,C0378781,SCL,True
scleroderma,C0011644,Scleroderma,True
sclerosis,C0036429,Sclerosis,True
sclerotherapy,C0036435,Sclerotherapy,True
sclerotic,C0036429,Sclerotic,True
sclerotic focus,C0205234,Focus,True
scoliosis,C0036439,Scoliosis,True
scoliosis - deformed,C0333067,deformed,True
scoliosis - related,C0445223,Related,True
scope,C1710028,Scope,True
score,C0449820,Score,True
scores,C0449820,Scores,True
scratch,C1384489,Scratch,True
scratched,C1384489,Scratched,True
screen,C0183185,Screen,True
screw,C1704683,Screw,True
screws,C0301559,Screws,True
sdh,C0018946,sdh,True
se,C0332138,SE,True
seal,C0036492,Seal,True
search,C1706202,Search,True
seated,C0277814,Seated,True
seating,C1283233,Seating,True
sec,C0565930,/sec,True
second,C0205436,Second,True
second 1,C2827734,1+,True
second site,C1515974,Site,True
secondary,C0027627,secondary,True
secretion,C0036536,secretion,True
secretions,C0036537,Secretions,True
secretory,C1327616,Secretory,True
section,C1522472,Section,True
sectioning,C0700320,Sectioning,True
sections,C0007876,Cesarean section,True
secure,C3146231,Secure,True
secure position,C0733755,Position,True
secure positioning,C0733755,Positioning,True
secures,C0659450,secures,True
security,C1519222,Security,True
see,C1947903,See,True
seed,C0036563,Seed,True
seed on,C0036563,Seed,True
seeding,C1705192,Seeding,True
seeds,C0036563,Seeds,True
seen,C0205397,seen,True
seen on - end,C2746065,End,True
sees,C0042789,sees,True
segment,C0441635,Segment,True
segmental,C0205122,Segmental,True
segmentectomy,C0024885,Segmentectomy,True
segments,C0429029,ST segment,True
seizure,C0036572,Seizure,True
seizures,C0036572,Seizures,True
select,C1519229,SELECT,True
selected,C1707391,Selected,True
self,C0036588,Self,True
self - extubated,C4700058,Self-extubated,True
semi,C0262568,semi,True
semi - circular,C1282913,Circular,True
semi - erect,C0522019,Semi-erect,True
semi - invasive,C0205281,Invasive,True
semi - linear,C0205132,Linear,True
semi - lunar,C0262568,Subendocardial myocardial infarction,True
semi - metallic,C2986473,Metallic,True
semi - oval,C1709367,Oval,True
semi - solid,C4544501,Semi-solid,True
semi - supine,C0038846,Supine,True
semi - upright,C0522015,Upright,True
semi supine,C0038846,Supine,True
semicircular,C1710048,Semicircular,True
semilunar,C0230196,Linea semilunaris,True
semisolid,C1720454,Semisolid,True
send,C1519246,Send,True
senile,C0392079,senile,True
sensitive,C1522640,Sensitive,True
sensitivity,C0427965,Sensitivity,True
sent,C1519246,Sent,True
separate,C0443299,Separate,True
separate process,C4521054,Process,True
separated,C4721418,Separated,True
separating,C0443299,separating,True
separation,C0036679,Separation,True
sepsis,C0036690,Sepsis,True
septa,C2987494,Septa,True
septal,C0442004,Septal,True
septal lines,C1548328,Lines,True
septate,C1519248,Septate,True
septation,C4724174,Septation,True
septic,C0333534,septic,True
septic emboli,C1704212,Emboli,True
septicemia,C0036690,Septicemia,True
septum,C0936188,septum,True
sequel,C5432388,Sequel,True
sequela,C0543419,Sequela,True
sequelae,C0243088,sequelae,True
sequels,C0243088,sequels,True
sequence,C0004793,Sequence,True
sequential,C1548958,Sequential,True
sequestration,C5889715,Sequestration,True
serial,C0031082,serial,True
series,C0205549,Series,True
serious,C1551395,Serious,True
seroma,C0262627,Seroma,True
serosa,C0036760,Serosa,True
serosal,C0521344,serosal,True
serositis,C0036749,Serositis,True
serous,C0440743,Serous,True
serpentine,C0074386,serpentine,True
serum,C5575602,Serum,True
servers,C0679792,servers,True
service,C0557854,Service,True
services,C1704289,Services,True
set,C1705195,Set,True
set end,C2746065,End,True
set ends,C0444930,ends,True
setting,C0542559,setting,True
setting of splinting,C0204861,Splinting,True
settings,C4533435,Settings,True
setup,C1550029,Setup,True
seven,C0205453,Seven,True
seven months,C0439231,months,True
seventh,C0205441,Seventh,True
sever,C0264097,Sever,True
several,C0443302,Several,True
several centimeters,C0475210,centimeters,True
several levels,C0441889,Levels,True
several of 2,C2827735,2+,True
several times,C5975557,TIMES,True
severe,C0205082,Severe,True
severely,C0205082,Severely,True
severity,C0439793,Severity,True
sewing,C2712436,Sewing,True
sg,C0152346,SG,True
sgc,C4082850,sGC,True
shadow,C0332554,Shadow,True
shadowing,C0600111,Shadowing,True
shadows,C0332554,shadows,True
shaft,C0337141,Shaft,True
shallow,C4698035,Shallow,True
shallow obliques,C0205315,obliques,True
shape,C0522512,Shape,True
shaped,C0332479,shaped,True
shapes,C0332479,Shapes,True
shaping,C0332479,shaping,True
sharp,C1444775,Sharp,True
sharp - edged,C1444775,Sharp sensation quality,True
sharp angulation,C0333179,angulation,True
sharp definition,C3539107,Definition,True
sharp kink,C0333177,kink,True
sharp turn,C0541749,turn,True
sharply - defined,C3539106,Defined,True
sharply defined,C3539106,Defined,True
sharply folded,C0332462,Folded,True
sharply visualized,C0234621,Visualized,True
she,C1822717,SHE,True
sheath,C0227952,Sheath,True
sheath tip,C1705504,TIP,True
sheet - like,C0870814,Like,True
sheets,C0439643,Sheets,True
shells,C0222041,shells,True
shield,C0183251,Shield,True
shielding,C0183251,Shielding,True
shift,C0333051,Shift,True
shifted,C0333051,shifted,True
shifting,C0333051,shifting,True
shifts,C0333051,shifts,True
shin,C0230444,Shin,True
shock,C0036974,Shock,True
short,C2350002,Short,True
short - interval,C1272706,Interval,True
short - term,C0443303,short-term,True
short course,C0750729,Course,True
short interim,C2827738,Interim,True
short interval,C1272706,Interval,True
short term,C0443303,short-term,True
shortened,C1282927,Shortened,True
shortening,C0441636,Shortening,True
shortness,C0239838,HAND SHORTNESS,True
shot,C2919062,Shot,True
shotgun,C0037003,Shotgun,True
shoulder,C0037004,Shoulder,True
shoulder area,C0017446,Area,True
shoulders,C0037004,Shoulders,True
show,C1547282,Show,True
shrapnel,C0522670,Shrapnel,True
shrunken,C0332513,Shrunken,True
shunt,C1442858,Shunt,True
shunting,C0813207,shunting,True
shunts,C0542331,Shunts,True
si,C0257766,SI,True
si p,C0439115,P,True
siadh,C0021141,SIADH,True
sickle cell,C0221283,Sickle cell,True
sickle cell disease,C0002895,Sickle cell disease,True
side,C0441987,Side,True
side - hole,C0544726,Hole,True
side - holes,C0544726,Holes,True
side - opening,C0175566,Opening,True
side - port,C0452253,Port,True
side - ports,C0475311,ports,True
side - to - side,C0516750,side to side,True
side all,C1961102,ALL,True
side hole,C0544726,Hole,True
side hole port,C0452253,Port,True
side holes,C0544726,Holes,True
side indeterminate,C0205258,Indeterminate,True
side opening,C0175566,Opening,True
side plate,C0005971,Plate,True
side poor,C2700379,Poor,True
side poot,C0069859,POOT,True
side port,C0452253,Port,True
side port not visualized,C0234621,Visualized,True
side ports,C0475311,ports,True
side ptosis,C0005745,Ptosis,True
side structures,C0678594,structures,True
sight,C0042789,Sight,True
sigmoid,C0227391,Sigmoid,True
sigmoidal,C5256534,Sigmoidala,True
sigmoidectomy,C0192866,Sigmoidectomy,True
sign,C0311392,Sign,True
signal,C1710082,Signal,True
signature,C1514562,Signature,True
signed,C2090600,signed:,True
significance,C0237881,Significance,True
significant,C0750502,Significant,True
significant increase,C0442805,Increase,True
significant interval,C1272706,Interval,True
significantly resolved,C1514893,Resolved,True
signs,C0311392,SIGNS,True
silhouette,C5539742,Silhouette sign,True
silicone,C5700169,Silicone,True
silicosis,C0037116,Silicosis,True
similar,C2348205,Similar,True
similar - appearing,C2348205,Similarity,True
similar - sized,C2348205,Similarity,True
similar - to - increased,C5236002,Increased,True
similar apparent,C0750489,apparent,True
similar in appearance,C0233426,Appearance,True
similar in extent,C0439792,Extent,True
similar position,C0733755,Position,True
similar to 1 day earlier,C1279919,Earlier,True
similar to 11 : 57,C4517815,57,True
similar to 11 hr ago,C1704938,AGO,True
similar to 2 hr ago,C1704938,AGO,True
similar to before,C1705850,Before,True
similar to decreased,C0392756,Decreased,True
similar to previous study,C0557651,Study,True
similar to prior,C0332152,Prior,True
similar to prior exam,C0582103,Exam,True
similar to prior study,C0557651,Study,True
similar to slightly,C0750482,Slightly,True
similar to the left,C2348205,Similar,True
similar to the prior exam,C0582103,Exam,True
similar to the prior film,C1704608,Film,True
simple,C0205352,Simple,True
simulate,C0284447,simulate,True
simulated,C0284447,simulated,True
simulating,C0284447,simulating,True
simulation,C0009609,Simulation,True
simulator,C0183309,Simulator,True
simultaneous,C0521115,Simultaneous,True
simultaneously,C0521115,simultaneously,True
sin,C0444782,SIN,True
since,C1711239,Since,True
sine,C0600477,SINE,True
single,C0087136,Single,True
single - chamber,C5570968,Single chamber,True
single - channel,C1706095,Channel,True
single - lead,C0023175,Lead,True
single - lumen,C1551056,Lumen,True
single - port,C0452253,Port,True
single lead,C0023175,Lead,True
sink,C0183319,sink,True
sinus,C0030471,SINUS,True
sinuses,C0030471,sinuses,True
sinusoid,C2337009,Sinusoid,True
site,C1515974,Site,True
site port,C0452253,Port,True
sites,C0205145,Sites,True
sitting,C0277814,Sitting,True
six,C0205452,Six,True
sixth,C0205440,Sixth,True
sixth 6,C5399941,6,True
sixth through tenth,C0205444,Tenth,True
size,C0456389,Size,True
size - hematoma,C0018944,Hematoma,True
sizes,C0456389,SIZES,True
skeletal,C0521324,Skeletal,True
skeleton,C0037253,Skeleton,True
skin,C1123023,Skin,True
skin - fold,C1399793,skin; fold,True
skin - folds,C1399793,Skin folds,True
skin fold,C1399793,skin; fold,True
skinfold,C1399793,Skinfold,True
skull,C0037303,Skull,True
slab,C0183335,slab,True
sle,C0024141,SLE,True
sleeve,C0183336,Sleeve,True
sleeve - like,C0870814,Like,True
sliding,C0332246,Sliding,True
slight,C5202796,Slight,True
slight interval,C1272706,Interval,True
slightly,C0750482,Slightly,True
slightly - malpositioned,C0333042,Malpositioned,True
slightly -- dependent,C0851827,Dependent,True
slightly advanced,C0205179,Advanced,True
slightly angulated,C0333179,Angulated,True
slightly below,C3843215,Slightly below,True
slightly better,C3841646,Slightly Better,True
slightly change,C0392747,Change,True
slightly decreased,C0392756,Decreased,True
slightly high,C5202936,High,True
slightly improved,C4084203,Improved,True
slightly increased,C5236002,Increased,True
slightly increasing,C0442808,Increasing,True
slightly less,C0547044,Less,True
slightly less defined,C3539106,Defined,True
slightly less prominent,C0205402,Prominent,True
slightly limited,C3829283,Slightly limited,True
slightly lower,C0750482,Slightly,True
slightly more,C0205172,More,True
slightly more prominent,C0205402,Prominent,True
slightly progressed,C1272688,progressed,True
slightly prominent,C0205402,Prominent,True
slightly pulled back,C0205095,Back,True
slightly retracted,C0332523,Retracted,True
slightly smaller,C0547044,Smaller,True
slightly twisted,C0231467,Twisted,True
slightly withdrawn,C2825032,Withdrawn,True
slightly worse,C3841647,Slightly worse,True
slighty - improved,C4084203,Improved,True
sling,C0183346,Sling,True
slow,C0439834,Slow,True
slow - improving,C1272745,Improving,True
slow - resolving,C3714811,resolving,True
slow flow,C0806140,Flow,True
slow growing,C4086857,Slow Growing,True
slowing,C0439834,slowing,True
slowly,C0439834,Slowly,True
sludge,C0750852,Sludge,True
smal,C4521360,SMAL,True
small,C0700321,Small,True
small - bore,C2945608,Bore,True
small - bowel,C0021852,Small bowel,True
small - caliber,C1301886,Caliber,True
small - mod,C0011860,MOD,True
small - moderate,C0700321,Small,True
small - sized,C0748864,small sized,True
small - to - mild,C0700321,Small,True
small - to - moderate,C0700321,Small,True
small - to - moderate - sized,C0700321,Small,True
small - to - moderate sized,C0700321,Small,True
small - to - trace,C0442822,Trace,True
small - to moderate - sized,C0700321,Small,True
small amount,C3869892,Small amount,True
small area,C0017446,Area,True
small bowel,C0021852,Small bowel,True
small cell,C0007634,Cell,True
small clips,C0175722,Clips,True
small effusion,C0013687,Effusion,True
small effusions,C0013687,Effusions,True
small focus,C0205234,Focus,True
small loop,C0445022,Loop,True
small to moderate,C0700321,Small,True
smaller,C0547044,Smaller,True
smaller - to - decreased,C0392756,Decreased,True
smallest,C2700395,Smallest,True
smalll,C0700321,Small,True
sml - mod,C0011860,MOD,True
smoker,C3241966,Smoker,True
smokers,C0337664,Smokers,True
smoking,C0453996,Smoking,True
smoking - related,C0445223,Related,True
smooth,C0205357,Smooth,True
snap,C1177045,Snap,True
sniff,C1720573,Sniff,True
social,C0728831,Social,True
sodt tissue,C0040300,Tissue,True
soft,C3542022,SOFT,True
soft - tissue,C0225317,Soft tissue,True
soft tissue,C0225317,Soft tissue,True
soft tissues,C0225317,Soft Tissues,True
sole,C5781294,Sole,True
solid,C0302909,Solid,True
solitary,C0205171,Solitary,True
solution,C0525069,Solution,True
some,C0205392,Some,True
some degree,C0449286,Degree,True
sometimes,C1998882,Sometimes,True
somewhat,C2984079,Somewhat,True
sort tissue,C0040300,Tissue,True
sounds,C0037709,Sounds,True
source,C0449416,Source,True
source of fever,C0015967,Fever,True
south lies,C1710133,South,True
sp,C0231290,SP,True
space,C1883067,Space,True
space - occupying,C1883067,Space - property,True
spacer,C0221874,Spacer,True
spacers,C0221874,Spacers,True
spacing,C1710137,Spacing,True
span,C1711300,Span,True
spasm,C0037763,Spasm,True
spasticity,C0026838,Spasticity,True
speaks,C0600116,Speaks,True
special,C0205555,Special,True
specialized,C1704211,Specialized,True
species,C1548151,Species,True
specific,C0205369,Specific,True
specificity,C1511884,Specificity,True
speckled,C0439691,Speckled,True
spectrum,C1883073,Spectrum,True
spherical,C0332501,Spherical,True
sphincter,C1409894,Sphincter,True
spiculated,C5970376,Spiculated,True
spiculation,C1519453,Spiculation,True
spiculations,C1519453,Spiculate,True
spicule,C2826618,Spicule,True
spillage,C0015376,Spillage,True
spinal,C0521329,Spinal,True
spine,C0037949,Spine,True
spines,C0037949,spines,True
spiral,C0522554,Spiral,True
splayed,C4086866,Splayed,True
spleen,C0037993,Spleen,True
splenectomy,C0037995,Splenectomy,True
splenic,C0037993,Splenic,True
splenomegaly,C0038002,Splenomegaly,True
splinting,C0204861,Splinting,True
splitting,C1444777,Splitting,True
spondylitis,C0949690,Spondylitis,True
spondyloarthropathies,C0949691,spondyloarthropathies,True
spondylolisthesis,C0038016,Spondylolisthesis,True
spondylosis,C0038019,Spondylosis,True
sponge,C0441126,Sponge,True
sponges,C0032699,Sponges,True
spontaneous,C0205359,Spontaneous,True
spoon,C0581226,Spoon,True
sporadic,C1853237,Sporadic,True
spot,C1705203,Spot,True
spots,C0015230,spots,True
spread,C0332261,Spread,True
spreading,C0332261,Spreading,True
spring,C0241232,Spring,True
spring - loaded,C1708715,Loaded,True
spur,C2700634,Spur,True
spurring,C0222032,spurring,True
spurs,C0222032,spurs,True
sputum,C0038056,Sputum,True
sq,C0560749,sq,True
squamous,C1182670,Squamous,True
square,C0205120,Square,True
square - like,C0870814,Like,True
ss,C1552161,Ss,True
stab,C0418391,stab,True
stab ; e,C3831791,E,True
stabilisation,C1293130,Stabilisation,True
stability,C0205360,Stability,True
stabilization,C1293130,Stabilization,True
stabilize,C0184512,stabilize,True
stabilized,C0184512,Stabilized,True
stabilizes,C0184512,stabilizes,True
stabilizing,C0184512,stabilizing,True
stable,C0205360,Stable,True
stable - appearing,C0205360,Stable status,True
stable position,C0733755,Position,True
staff,C1947908,Staff,True
stage,C0205390,Stage,True
stage 4,C5401399,4,True
stage ii,C0441767,Stage II,True
stage iv,C0441772,Stage IV,True
stages,C1306673,Stages,True
staghorn,C0332249,Staghorn,True
standard,C1442989,Standard,True
standard place,C1704765,Place,True
standard position,C0733755,Position,True
standard positions,C0733755,positions,True
standing,C0231472,Standing,True
staph,C0038160,Staph,True
staphylococcal,C0038170,Staphylococcal,True
staphylococcus,C0038170,Staphylococcus,True
staple,C0524724,Staple,True
staple line,C0205132,Line,True
star - like,C0870814,Like,True
started,C1272689,Started,True
stasis,C0333138,Stasis,True
stat,C0205548,Stat,True
state,C1301808,State,True
stated,C1301808,stated,True
states,C1301808,states,True
static,C0441463,Static,True
station,C1883167,Station,True
stationary,C3839460,Stationary,True
status,C0449438,Status,True
status - post,C0687676,Status Post,True
std position,C0733755,Position,True
ste,C3811127,STE,True
steady,C0205361,Steady,True
steep,C5196491,STEEP,True
stellate,C0205141,Stellate,True
stem,C1184743,Stem,True
stemi,C1536220,STEMI,True
stenosing,C0333181,stenosing,True
stenosis,C1261287,Stenosis,True
stenotic,C0333181,stenotic,True
stent,C0038257,Stent,True
stent - type,C0332307,Type,True
stent graft,C1322796,Stent graft,True
stent lumen,C0524461,Lumen,True
stent placement,C2348535,Stent Placement,True
stented,C0038257,stented,True
stenting,C2348535,Stenting,True
stents,C0038257,Stents,True
step,C1261552,Step,True
step - off,C0231627,Step-off,True
step - offs,C1261552,Step (specific stage),True
steps,C4722257,STEPS,True
sterile,C0021359,Sterile,True
sternal,C0038293,Sternal,True
sternal notch,C1235660,Notch,True
sternectomy,C5780285,Sternectomy,True
sternoclavicular,C0038291,Sternoclavicular joint structure,True
sternocostal,C0450216,Sternocostal,True
sternotomies,C0185792,Sternotomies,True
sternotomy,C0185792,Sternotomy,True
sternum,C0038293,Sternum,True
steroid,C0038317,Steroid,True
steroids,C0038317,Steroids,True
sticker,C1410084,Sticker,True
stigmata,C0277787,Stigmata,True
still,C1410088,Still,True
still - moderate,C1410088,Still,True
still place,C1704765,Place,True
stimulated,C1948023,Stimulated,True
stimulating,C1948023,Stimulating,True
stimulation,C1292856,Stimulation,True
stimulator,C0175727,Stimulator,True
stimulators,C0175727,Stimulators,True
stir,C1883171,Stir,True
stom,C1414428,STOM,True
stoma,C1955856,Stoma,True
stomach,C3714551,Stomach,True
stone,C0006736,Stone,True
stones,C0439220,stones,True
stool,C0183622,Stool,True
stool - filled,C1708059,Filled,True
stop,C2746065,Stop,True
stops,C0450446,Stops,True
straddling,C0205153,Straddling,True
straight,C1527360,Straight,True
straight back,C0205095,Back,True
straight interface,C1708533,Interface,True
straight to concave,C0521162,concave,True
straightened out,C0439787,Out,True
strain,C0080194,Strain,True
strand,C1704972,Strand,True
strand - like,C0870814,Like,True
strangulate,C0205362,strangulate,True
straps,C0183631,Straps,True
streak,C2348542,Streak,True
streak - like,C0870814,Like,True
streak like,C0870814,Like,True
strength,C0237897,Strength,True
strep,C0038395,Strep,True
stress,C0038435,Stress,True
striate,C0205364,striate,True
striated,C0205364,Striated,True
stricture,C1261287,Stricture,True
strictures,C1261287,strictures,True
striking,C0038452,striking,True
string,C3540771,String,True
string - like,C0870814,Like,True
strip,C1321564,Strip,True
stripe - like,C0870814,Like,True
striped,C1532935,Striped,True
stripping,C0185047,Stripping,True
stroke,C0038454,Stroke,True
strokes,C0038454,Strokes,True
stroma,C0927195,Stroma,True
strong,C0442821,Strong,True
structural,C0678594,Structural,True
structure,C0678594,Structure,True
structures,C0678594,structures,True
study,C0557651,Study,True
stump,C0002690,Stump,True
style,C0489654,Style,True
stylet,C0183663,Stylet,True
stylet place,C1704765,Place,True
sub,C0542339,Sub-,True
sub - acute,C0542339,Sub-,True
sub - carinal,C1264637,Substance amount,True
sub - centimeter,C0475210,Centimeter,True
sub - clinical,C0205210,Clinical,True
sub - cutaneous,C4521174,Cutaneous,True
sub - diaphragmatic,C0011980,Diaphragmatic,True
sub - hilar,C0205150,Hilar,True
sub - interstitial,C0596790,interstitial,True
sub - millimetric,C1264637,Substance amount,True
sub - optimal,C2698651,Optimal,True
sub - pleural,C0032225,Pleural,True
sub - pulmonic,C1264637,Substance amount,True
sub - segmental,C0205122,Segmental,True
sub - solid,C0302909,Solid,True
subacute,C0205365,Subacute,True
subarachnoid,C0038527,Subarachnoid,True
subcapsular,C0205152,Subcapsular,True
subcarinal,C1515009,Subcarinal,True
subchronic,C4053983,Subchronic,True
subclavian,C0589488,Subclavian,True
subclavian - approach,C0449445,Approach,True
subclavicular,C0589488,Subclavicular,True
subcortical,C0815275,Subcortical,True
subcostal,C0442184,Subcostal,True
subcutaneous,C0443315,Subcutaneous,True
subdiaphragmatic,C0230210,Subdiaphragmatic region,True
subdural,C0038541,subdural,True
subglottic,C0521352,subglottic,True
subglottic area,C0456475,Subglottic area,True
subjacent,C0542339,Subjacent,True
subjective,C2266644,subjective,True
sublobar,C3897428,Sublobar,True
subluxation,C0332768,Subluxation,True
subluxations,C0332768,Subluxations,True
submandibular,C1550309,Submandibular,True
suboccipital,C0442187,Suboccipital,True
suboptimal,C2984009,Suboptimal,True
suboptimal evaluation,C1261322,Evaluation,True
suboptimally assessed,C1516048,Assessed,True
subphrenic,C1550311,Subphrenic,True
subpulmonary,C0446978,Subpulmonary area,True
subscapular,C0241288,SUBSCAPULAR PAIN,True
subscapularis,C0584884,Subscapularis,True
subsection,C1552859,Subsection,True
subsequent,C0332282,Subsequent,True
substance,C5887066,Substance,True
substances,C0439861,Substances,True
substantial degree,C0449286,Degree,True
substantial difference,C1705242,Difference,True
substrate,C1710236,Substrate,True
subtle area,C0017446,Area,True
subtly increased,C5236002,Increased,True
subtotal,C0728939,Subtotal,True
subtype,C0449560,Subtype,True
successful,C0597535,Successful,True
suction,C0038638,Suction,True
suction - induced,C0205263,Induced,True
suction port,C0452253,Port,True
suctioning,C0038638,suctioning,True
sudden,C5201090,Sudden,True
suffers,C0683278,suffers,True
sufficient,C0205410,Sufficient,True
suggestion,C0038659,Suggestion,True
sugggest,C1705535,suggestion,True
suitable,C3900053,Suitable,True
sulcus,C1184482,Sulcus,True
summary,C1706244,Summary,True
summation,C0234108,Summation,True
super,C1282910,SUPER,True
super - infection,C0009450,Infection,True
superficial,C0205124,Superficial,True
superimposed shadows,C0332554,shadows,True
superimposed tissue,C0040300,Tissue,True
superimposition,C0429562,Superimposition,True
superinfection,C0038826,Superinfection,True
superior,C1282910,Superior,True
superior - cavoatrial,C1282910,Upper,True
superior - lateral,C0205093,Lateral,True
superior - most,C0205393,Most,True
superior - most portion,C0449719,Portion,True
superior cavoatrial junction,C0205144,Junction,True
superior most aspect,C1879746,Aspect,True
superior than expected,C1517001,Expected,True
superior to it,C0677897,IT,True
superior vena cava,C0042459,Superior vena cava,True
superior vena caval,C0521359,Superior vena caval,True
superiorly to end,C2746065,End,True
superoinferior,C1178967,Superoinferior,True
superolateral,C1179864,Superolateral,True
superomedial,C1179865,Superomedial,True
supierior - anterior,C0205094,Anterior,True
supine,C0038846,Supine,True
supine ap positioning,C0733755,Positioning,True
supine ap technique,C0449851,Technique,True
supine position,C0038846,Supine position,True
supine positioning,C5688618,Supine positioning,True
supine technique,C0449851,Technique,True
supple,C0332254,Supple,True
support,C0183683,Support,True
supported,C1521721,Supported,True
supporting,C1521721,Supporting,True
supportive,C1521721,Supportive,True
suppression,C0221103,Suppression,True
suppuration,C0038862,Suppuration,True
suppurative,C3249881,Suppurative,True
supra,C1282910,Supra-,True
supra - aortic,C0003483,Aortic,True
supra - apical,C0205111,Apical,True
supra - hilar,C0205150,Hilar,True
supracardiac,C0442190,Supracardiac,True
supraclavicular,C0589496,Supraclavicular,True
supraclavicularly,C0589496,Supraclavicular approach,True
supradiaphragmatic,C4726575,Supradiaphragmatic,True
supraglottic,C0442192,Supraglottic,True
suprahepatic,C0442193,Suprahepatic,True
suprarenal,C4726583,Suprarenal,True
supraspinatus,C0584869,Supraspinatus,True
suprasternal,C0442195,Suprasternal,True
sure,C0205423,Sure,True
surface,C0205148,Surface,True
surg clips,C0175722,Clips,True
surgeon,C0582175,Surgeon,True
surgeries,C0543467,surgeries,True
surgery,C1457907,surgery,True
surgical,C0543467,Surgical,True
surgical clip,C0038917,Surgical clip,True
surgical clips,C0038917,Surgical Clips,True
surgical drain,C2607832,Surgical drain,True
surgical sutures,C0038969,Surgical sutures,True
surgically,C0543467,Surgically,True
surround,C1282914,Surround,True
surrounded,C1282914,Surrounded,True
surrounding,C1282914,Surrounding,True
surrounds,C1282914,surrounds,True
surveillance,C0733511,Surveillance,True
survey,C0038951,Survey,True
survivor,C0206194,Survivor,True
suspect,C0750491,suspect,True
suspected,C0750491,Suspected,True
suspended,C1705537,Suspended,True
suspicion,C0242114,Suspicion,True
suspicious,C0750493,Suspicious,True
sutural,C0439747,Sutural,True
suture,C0038969,Suture,True
suture line,C1563019,Suture line,True
sutures,C0038969,Sutures,True
svc,C0231957,svc,True
svc - atrial,C0018792,Atrial,True
svc - brachiocephalic,C0231957,Slow vital capacity,True
svc - ra,C0178837,RA,True
svc - ra junction,C0205144,Junction,True
svc - right,C0231957,svc,True
swallow,C1706486,Swallow,True
swallowed,C0011167,Swallowed,True
swallowing,C0740170,swallowing,True
swan,C0325528,Swan,True
swan - catheter,C0085590,Catheter,True
swan - ganz,C0325528,Genus Cygnus,True
swan - ganz cath,C0325528,Genus Cygnus,True
swan - ganz catheter,C0179790,Swan Ganz Catheter,True
swan - ganz l,C0475211,L,True
swan ganz,C0325528,Genus Cygnus,True
swan ganz catheter,C0179790,Swan Ganz Catheter,True
swan ganz ends,C0444930,ends,True
swans,C0325528,swans,True
swans - ganz,C0325528,Genus Cygnus,True
sweats,C0038990,Sweats,True
sweep,C2348625,Sweep,True
swelling,C0038999,Swelling,True
swollen,C0038999,Swollen,True
sx,C3815196,SX,True
symmetric,C0332516,Symmetric,True
symmetrical,C0332516,Symmetrical,True
symmetry,C0332516,Symmetry,True
sympathectomy,C0039038,Sympathectomy,True
symphysis,C0224520,Symphysis,True
symptomatic,C0231220,Symptomatic,True
symptoms,C1457887,Symptoms,True
syncope,C0039070,Syncope,True
syndesmophyte,C0221690,Syndesmophyte,True
syndesmophytes,C0221690,Syndesmophytes,True
syndesmosis,C0224512,Syndesmosis,True
syndrome,C0039082,Syndrome,True
synostosis,C1368355,Synostosis,True
synovial,C1550315,Synovial,True
syrup,C0458173,Syrup,True
system,C4318427,System,True
systemic,C5849094,Systemic,True
systems,C0449913,Systems,True
systole,C4284018,Systole,True
systolic,C0039155,Systolic,True
t,C0439119,T,True
t - shaped,C0332479,shaped,True
t - spine,C0581269,T Spine,True
t - tube,C0175731,T-tube,True
t1,C1179687,T1,True
t1 - 6,C5234862,6,True
t1 - t4,C1235738,T4,True
t10,C1179694,T10,True
t11,C1179695,T11,True
t11 - t12,C1179696,T12,True
t11 level,C0446429,T11 level,True
t12,C1179696,T12,True
t12 / l1,C1179698,L1,True
t12 level,C0446430,T12 level,True
t12 vertebral,C0549207,Vertebral,True
t2,C1179688,T2,True
t2 - 3,C5234861,3,True
t2 - t3 level,C0446421,T3 level,True
t2 signal,C1710082,Signal,True
t3,C1235740,T3,True
t3 - 4,C0227037,4,True
t3 / 4,C0227037,4,True
t4,C1235738,T4,True
t4 / 5,C0227038,5,True
t5,C1179689,T5,True
t5 - 6,C5234862,6,True
t6,C1179690,T6,True
t6 - 7,C1828371,7,True
t6 / 7,C1828371,7,True
t6 inferior,C0542339,Inferior,True
t7,C1179691,T7,True
t7 - 8 level,C0456079,Level,True
t7 - 9,C1827264,9,True
t7 / 8,C1827697,8,True
t8,C1179692,T8,True
t8 - t12,C1179696,T12,True
t8 - t9,C1179693,T9,True
t8 / t9,C1179693,T9,True
t8 level,C0446426,T8 level,True
t8 vertebral,C0549207,Vertebral,True
t8 wedge,C0439639,Wedge,True
t9,C1179693,T9,True
t9 - vertebral,C0549207,Vertebral,True
taa,C0003486,TAA,True
table,C0039224,Table,True
tace,C1569773,TACE,True
tachycardia,C3827868,Tachycardia,True
tachypnea,C0231835,Tachypnea,True
tachypneic,C0231835,Tachypneic,True
tact,C0618927,TACT,True
tag,C5886749,Tag,True
tags,C1139855,Tags,True
tail,C0039259,Tail,True
take,C1515187,Take,True
take - down,C0013080,Down,True
take - off,C1518543,Off,True
take a turn,C0541749,turn,True
talc,C0039267,Talc,True
tamponade,C0579016,Tamponade,True
tandem,C0075804,TANDEM,True
tandemheart,C5787254,TandemHeart,True
tap,C0034115,Tap,True
tape,C1704747,Tape,True
tapered,C0441640,tapered,True
tapering,C0441640,Tapering,True
tapers,C0441640,tapers,True
tapes,C0183828,Tapes,True
tarda,C0547041,Tarda,True
target,C1521840,Target,True
targeted,C0599894,Targeted,True
taste,C0039336,Taste,True
taut,C4019022,Taut,True
tavr,C3509486,TAVR,True
tb,C0041296,TB,True
tbc,C0041296,TBC,True
tcardiomegaly,C0018800,Cardiomegaly,True
tdt,C1705307,TDT,True
te,C2826100,TE,True
te cavo - atrial,C0018792,Atrial,True
team,C0871489,Team,True
tear,C0043246,Tear,True
tear tear,C0043246,Tear,True
tearing,C0152227,Tearing,True
tears,C0039409,Tears,True
technical,C0449851,Technical,True
technical artifact,C0085089,Artifact,True
technique,C0449851,Technique,True
technique - related,C0445223,Related,True
tee probe,C0182400,Probe,True
teeth,C0040426,Teeth,True
teh fundus,C0016823,Fundus,True
tele,C1420621,TELE,True
telectasis,C0004144,Atelectasis,True
telephone,C1515258,Telephone,True
telescoping,C0426908,telescoping,True
temp,C0039476,Temp,True
temperature,C0005903,Temperature,True
temperature probe,C1710367,Temperature Probe,True
template,C4317132,Template,True
temporal,C2362314,Temporal,True
temporary,C0205374,Temporary,True
temporo - parietal,C0442030,Parietal,True
ten,C0205456,Ten,True
tenderness,C0234233,Tenderness,True
tendinitis,C0039503,Tendinitis,True
tendinopathy,C0151936,Tendinopathy,True
tendinosis,C1568363,Tendinosis,True
tendon,C0039508,Tendon,True
tendon repairs,C5936404,Tendon repairs,True
tendonitis,C0039503,Tendonitis,True
tendons,C0039508,Tendons,True
tenodesis,C0185441,tenodesis,True
tense,C0235108,Tense,True
tension,C0233494,Tension,True
tent - like,C0870814,Like,True
tented,C0677506,tented,True
tenth,C0205444,Tenth,True
tenting,C0237322,Tenting,True
teratoma,C0039538,Teratoma,True
term,C1515273,Term,True
terminal,C1705315,Terminal,True
terminated,C2348570,Terminated,True
termination,C1549081,Termination,True
termination point,C1552961,Point,True
territory,C1301808,Territory,True
tertiary,C0205372,Tertiary,True
tesla,C1551055,Tesla,True
test,C0456984,test,True
testicular,C0405581,TESTICULAR,True
tethering,C0577538,tethering,True
tethers,C0577538,tethers,True
tevar,C5690823,TEVAR,True
texture,C0449582,Texture,True
th,C4285344,TH,True
thalamic,C0039729,Thalamic,True
than a centimeter,C0475210,Centimeter,True
the - markings,C0522501,markings,True
the lateral view is limited,C0439801,Limited,True
the other,C5202885,Other,True
the right - sided,C0205090,Right,True
the side - port,C0452253,Port,True
the swan - catheter,C0085590,Catheter,True
the swan - ganz,C0325528,Genus Cygnus,True
thecavoatrial junction,C0205144,Junction,True
then,C1720594,Then,True
therapy,C1363945,Therapy,True
thermometer,C0039818,Thermometer,True
thick,C1280412,Thick,True
thick - walled,C4697736,Thick-walled,True
thick walled,C4697736,Thick-walled,True
thickened,C0205400,Thickened,True
thickening,C0205400,Thickening,True
thickenings,C0205400,thickenings,True
thickens,C0205400,thickens,True
thickness,C1280412,Thickness,True
thigh,C0039866,Thigh,True
thin,C0205168,Thin,True
thin - bore,C2945608,Bore,True
thin - caliber,C1301886,Caliber,True
thin - wall,C0677535,Wall,True
thin - walled,C0205380,Walled,True
thin linear,C0205132,Linear,True
thinly,C0205168,Thinly,True
thinned,C0392758,Thinned,True
thinning,C0851184,Thinning,True
third,C1705160,Third,True
third 1,C2827734,1+,True
third part,C1709471,Part,True
third spacing,C1710137,Spacing,True
this,C1080058,this,True
this side - port,C0452253,Port,True
thoracentese,C0189477,Thoracentesis,True
thoracentesis,C0189477,Thoracentesis,True
thoraces,C0817096,Thoraces,True
thoracic,C0817096,Thoracic,True
thoracic - spine,C0581269,Thoracic Spine,True
thoracic aorta,C1522460,Thoracic Aorta,True
thoracic inlet,C0230137,Thoracic inlet,True
thoracic spine,C0581269,Thoracic Spine,True
thoracic vertebrael,C0039987,Bone structure of thoracic vertebra,True
thoraco - lumbar,C0024090,Lumbar Region,True
thoracoabdominal,C0444467,Thoracoabdominal,True
thoracocentesis,C0189477,Thoracocentesis,True
thoracolumbar,C0450219,Thoracolumbar,True
thoracolumbar junction,C0205144,Junction,True
thoracoplasty,C0039988,Thoracoplasty,True
thoracoscopy,C0039989,Thoracoscopy,True
thoracostomies,C0039990,Thoracostomies,True
thoracostomy,C0039990,Thoracostomy,True
thoracotomy,C0039991,Thoracotomy,True
thorax,C0817096,Thorax,True
thought,C0039869,Thought,True
thr,C0040005,Thr,True
three,C5201107,Three,True
three - channel,C1706095,Channel,True
three - dual,C1554184,Dual,True
three - lead,C0023175,Lead,True
three centimeters,C0475210,centimeters,True
three days ago,C1704938,AGO,True
three days prior,C0332152,Prior,True
three places,C0442504,Places,True
three to four,C0205450,Four,True
threshold,C0449864,Threshold,True
throat,C0230069,Throat,True
thrombi,C0087086,THROMBI,True
thrombocytopenia,C0040034,Thrombocytopenia,True
thromboembolic,C0333214,thromboembolic,True
thrombosed,C0040053,Thrombosed,True
thrombosis,C0040053,Thrombosis,True
thrombotic,C0087086,Thrombotic,True
thrombus,C0087086,Thrombus,True
through,C0332273,Through,True
thryoid gland,C1285092,Gland,True
thumb,C0040067,Thumb,True
thymectomy,C0040071,Thymectomy,True
thymic,C0040113,Thymic,True
thymoma,C0040100,Thymoma,True
thymus,C0040113,Thymus,True
thyroid,C0040132,Thyroid,True
thyroid gland,C0040132,Thyroid gland,True
thyroidectomy,C0040145,Thyroidectomy,True
thyroiditis,C0040147,Thyroiditis,True
thyromegaly,C0018021,Thyromegaly,True
tib - fib,C1414538,FIB,True
tibia,C0040184,Tibia,True
tibial,C0040184,Tibial,True
tight,C0439816,Tight,True
tight kink,C0333177,kink,True
tight turn,C0541749,turn,True
tightness,C0439816,Tightness,True
tilted downwards,C0205104,downwards,True
time,C3541383,Time,True
time course,C0449247,Time course,True
timing,C1704250,Timing,True
tine,C0456171,tine,True
tingling,C2242996,Tingling,True
tip,C1705504,TIP,True
tip of dobhoff,C1705504,KAT5 wt Allele,True
tip out of view,C0449911,View,True
tips,C0339897,TIPS,True
tips catheter,C0085590,Catheter,True
tissue,C0040300,Tissue,True
tissues,C0040300,Tissues,True
title,C1705823,Title,True
tl,C2700315,TL,True
tlc,C0040509,tlc,True
tmj,C0039493,TMJ,True
to,C1706540,To,True
to a - channel,C1706095,Channel,True
to a degree,C0449286,Degree,True
to some degree,C0449286,Degree,True
to that side,C0441987,Side,True
to the left,C0450424,To the left,True
to the right,C0546911,To the right,True
to this side,C0441987,Side,True
tobacco,C0740009,Tobacco,True
toe,C0040357,Toe,True
toilet,C0184958,Toilet,True
tomorrow,C0310370,Tomorrow,True
tongue,C0040408,Tongue,True
tonic - clonic,C3543842,TONICS,True
tonsillar,C0040421,Tonsillar,True
too close,C3810854,Close,True
too far,C5446008,Far,True
too far distal,C0205108,Distal,True
too high,C4036058,Too high,True
too much,C3843660,Too much,True
too much distal,C0205108,Distal,True
tool,C0336791,Tool,True
tooth,C0040426,Tooth,True
tooth aspiration,C2712334,Aspiration,True
toothbrush,C0183975,Toothbrush,True
top,C1704458,Top,True
top - normal,C1550457,Normal,True
top nl,C0560008,nL,True
top off,C1518543,Off,True
top off tube,C0175730,Tube,True
torsion,C1265748,Torsion,True
torso,C0460005,Torso,True
torso ct on,C1705783,CT,True
tortuosity,C0333076,Tortuosity,True
tortuous,C4068863,Tortuous,True
torus,C0332567,Torus,True
total,C0439175,% total,True
totally,C4699603,Totally,True
totally assessed,C1516048,Assessed,True
touching,C0439815,touching,True
tough to follow,C1719822,Follow,True
towards,C3875150,Towards,True
towel,C0336616,Towel,True
toxemia,C0040524,Toxemia,True
toxic,C0600688,toxic,True
toxicity,C0600688,Toxicity,True
toxins,C0040549,Toxins,True
tpa,C0084796,TPA,True
trabecula,C0222660,Trabecula,True
trabecular,C0222660,Cancellous Bone,True
trace,C0442822,Trace,True
trace - to - small,C0442822,Trace,True
trace in amount,C1265611,Amount,True
tracer uptake,C0347980,% uptake,True
trach,C0749607,trach,True
trachea,C0040578,Trachea,True
tracheal,C0040578,Tracheal,True
tracheitis,C0040584,Tracheitis,True
tracheo,C0684091,trache(o)-,True
tracheo - bronchial,C0205039,Bronchial,True
tracheo - enteric,C1304890,Enteric,True
tracheo = bronchial,C0205039,Bronchial,True
tracheobronchial,C0450123,Tracheobronchial,True
tracheobronchial plasty,C0278261,plasty,True
tracheobronchitis,C0040586,Tracheobronchitis,True
tracheobronchomalacia,C0340231,Tracheobronchomalacia,True
tracheobronchoplasty,C0189436,Tracheobronchoplasty,True
tracheoesophageal,C1519577,Tracheoesophageal Fold,True
tracheomalacia,C0948187,Tracheomalacia,True
tracheomegaly,C4023705,Tracheomegaly,True
tracheoplasty,C0189421,Tracheoplasty,True
tracheostomy,C0040590,Tracheostomy,True
tracheostomy catheter,C0085590,Catheter,True
tracheostomy tube,C0184159,Tracheostomy tube,True
tracheotomy,C0040591,Tracheotomy,True
track,C0040594,Track,True
track - shaped,C0332479,shaped,True
tracking,C0546881,Tracking,True
tracking up,C0547043,Up,True
tracks,C0040594,Tracks,True
tract,C1185740,Tract,True
tract - aortic,C0003483,Aortic,True
traction,C0040597,Traction,True
tracts,C1185740,tracts,True
trali,C0948343,TRALI,True
tram,C0336808,Tram,True
tram - tracking,C0546881,Tracking,True
trans,C0558141,Trans,True
trans - coronary - venous,C0042449,Venous,True
trans - subclavian,C0589488,Subclavian,True
transaortic,C0442339,Transaortic,True
transbronchial,C0442342,Transbronchial,True
transcatheter,C0442343,Transcatheter,True
transcutaneous,C5570969,Transcutaneous,True
transdermal,C4521342,Transdermal,True
transdiaphragmatic,C0205504,Transdiaphragmatic,True
transducer,C0040661,Transducer,True
transected,C0332847,transected,True
transection,C0152060,Transection,True
transesophageal,C0522518,Transesophageal,True
transfer,C1705822,Transfer,True
transformation,C1510411,Transformation,True
transfusion,C1879316,Transfusion,True
transfusion - related,C0445223,Related,True
transhepatic,C0522516,Transhepatic,True
transient,C0687129,transient,True
transit,C1301827,transit,True
transition,C2700061,Transition,True
transitional,C1182674,Transitional,True
transitory,C0205374,Transitory,True
transjugular,C4489465,Transjugular,True
translating,C5779641,Translating,True
translucencies,C0522503,translucencies,True
translucency,C0522503,translucency,True
translucent,C0522503,Translucent,True
transmits,C0332289,transmits,True
transmitted,C0242781,Transmitted,True
transmitting,C0332289,transmitting,True
transoral,C0442366,Transoral,True
transparencies,C0729223,transparencies,True
transparency,C5966217,transparency,True
transparent,C5966217,Transparent,True
transpedicular,C0442371,Transpedicular,True
transplant,C0478647,transplant,True
transplantation,C0040733,transplantation,True
transplanted,C0700106,Transplanted,True
transpleural,C0522494,Transpleural,True
transport,C1317949,Transport,True
transposition,C4700190,Transposition,True
transthoracic,C0205503,Transthoracic,True
transudative,C0311436,transudative,True
transvenous,C0522521,Transvenous,True
transverse,C0446380,Transverse,True
transverse course,C0750729,Course,True
trapezius,C0224361,Trapezius,True
trapped,C3853505,Trapped,True
trapping,C5444121,Trapping,True
trauma,C3263723,Trauma,True
trauma board,C1948070,Board,True
traumatic,C0332663,Traumatic,True
traumatic event,C4751223,Traumatic event,True
traumatic injury,C3263723,Traumatic injury,True
travel,C0040802,Travel,True
travels,C0040802,Travels,True
traverse,C2828360,Traverse,True
treated,C1522326,Treated,True
treatment,C0039798,treatment,True
treatment - related,C0445223,Related,True
treatment effect,C1518681,Treatment Effect,True
treatments,C0087111,Treatments,True
tree,C0040811,Tree,True
tree - in - and - glass,C2676739,GLASS,True
tree - in - appearance,C0233426,Appearance,True
tree - in - nodular,C0205297,Nodular,True
tree - in - nodules,C0028259,nodules,True
tree - in - opacities,C0029053,opacities,True
tree - in - opacity,C1265876,Opacity,True
tree - in - pattern,C0449774,Pattern,True
tree in opacities,C0029053,opacities,True
trend,C1521798,Trend,True
trendelenburg,C1883387,Trendelenburg,True
tri,C0814229,TRI,True
tri - lead,C0023175,Lead,True
triangle,C0205119,Triangle,True
triangular,C0205119,Triangular,True
triangular - like,C0870814,Like,True
triangular - shaped,C0332479,shaped,True
triangular shaped,C0332479,shaped,True
tributaries,C1180121,tributaries,True
tributary,C1180121,Tributary,True
tricuspid,C0443327,Tricuspid,True
triggered,C1444748,Triggered by,True
triple,C0205174,Triple,True
triple - channel,C1706095,Channel,True
triple - lead,C0023175,Lead,True
triple - lumen,C1551056,Lumen,True
triple - pacer,C3470541,PACER,True
trivial,C6021342,Trivial,True
troponin,C0041199,Troponin,True
true,C0205238,True,True
true density,C0178587,Density,True
true extent,C0439792,Extent,True
truncation,C1706395,Truncation,True
truncus,C0460005,Truncus,True
trunk,C0460005,Trunk,True
trv,C4527152,TRV,True
tube,C0175730,Tube,True
tube - like,C0870814,Like,True
tube - r sided,C0175730,biomedical tube device,True
tube - related,C0445223,Related,True
tubercle,C1184740,tubercle,True
tuberculosis,C0041296,Tuberculosis,True
tuberculous,C0041296,Tuberculous,True
tuberosities,C1184741,tuberosities,True
tuberosity,C1184741,Tuberosity,True
tubes,C1704474,Tubes,True
tubing,C0184165,Tubing,True
tubular,C0332208,Tubular,True
tubular - appearing,C0151747,Renal tubular disorder,True
tubular structure,C0544923,Tubular structure,True
tubulation,C0441647,Tubulation,True
tuft,C6004037,tuft,True
tumor,C0027651,Tumor,True
tumor progression,C0178874,Tumor progression,True
tumor spread,C0332261,Spread,True
tumoral,C0026640,Mouth Neoplasms,True
tumors,C0027651,Tumors,True
tunnel,C0337138,Tunnel,True
tunneled,C0445346,Tunneled,True
tunneled line,C0205132,Line,True
tunnels,C0337138,tunnels,True
turn,C0541749,turn,True
turned,C0541749,turned,True
turning,C0541749,turning,True
turns,C0541749,Turns,True
turns back,C0205095,Back,True
turns back around,C0750503,around,True
tv,C4554550,TV,True
tv ring,C1260969,Ring,True
twelfth,C0205446,Twelfth,True
twenty - second,C0205436,Second,True
twice,C1720725,Twice,True
twin,C0041427,Twin,True
twist,C0533325,TWIST,True
twisted,C0231467,Twisted,True
two,C0205448,Two,True
two ( 2,C2827735,2+,True
two - lead,C0023175,Lead,True
two - lumen,C1551056,Lumen,True
two - third,C1705160,Third,True
two - three,C5201107,Three,True
two - to - three,C5201107,Three,True
two - vessel,C0042591,Vessel,True
two - view,C0449911,View,True
two - view shin,C0230444,Shin,True
two channel,C1706095,Channel,True
two days ago,C1704938,AGO,True
two findings,C2607943,findings,True
two hours,C0439227,hours,True
two levels,C0441889,Levels,True
two markers,C2745888,Markers,True
two months,C0439231,months,True
two places,C0442504,Places,True
two to three,C5201107,Three,True
two weeks ago,C1704938,AGO,True
type,C0332307,Type,True
type - tube,C0175730,Tube,True
type 2,C2827735,2+,True
type 3,C5234861,3,True
type a,C4264487,Type A,True
type b,C3714979,B,True
type ii,C0441730,Type II,True
type iii,C0441731,Type III,True
types,C0332307,Types,True
typical,C3538928,Typical,True
u,C0439144,u,True
u - shaped,C0332479,shaped,True
uip,C4721509,UIP,True
ulcer,C0041582,Ulcer,True
ulcerated,C0041582,Ulcerated,True
ulceration,C0041582,Ulceration,True
ulcerative,C0041582,Ulcerative,True
ulcers,C0041582,ULCERS,True
ulna,C0041600,Ulna,True
ulnar,C0442044,Ulnar,True
ultrasound,C1456803,Ultrasound,True
ultrasounds,C0041618,ultrasounds,True
um,C0439201,um,True
umbilical,C0041638,Umbilical,True
umbilicus,C0041638,Umbilicus,True
umbrella,C0227693,Umbrella cell,True
un,C0041701,UN,True
unable,C1299582,Unable,True
unable to assess,C3845137,Unable to assess,True
unaffected,C2986417,Unaffected,True
unaltered,C1709843,Unaltered,True
uncertain,C0087130,Uncertain,True
uncertain etiology,C1524003,Etiology,True
unchanged,C0442739,Unchanged,True
unchanged position,C0733755,Position,True
unchanging,C0442739,unchanging,True
uncharacteristic,C1521970,Characteristics,True
unclamped,C3842461,Unclamped,True
uncommon,C0522498,Uncommon,True
uncomplicated,C0443334,Uncomplicated,True
uncomplicated course,C0750729,Course,True
uncovertebral,C4763287,Joint of Luschka,True
under,C0542339,Under,True
under - expanded,C0205229,expanded,True
under - inflated,C0542339,Inferior,True
under - inflation,C1318493,Inflation,True
under - inspiration,C0004048,Inspiration,True
under - penetrated,C0205321,penetrated,True
under - penetration,C0205321,Penetration,True
under - ventilation,C2945579,Ventilation,True
under clear,C5966217,Clear,True
under prior,C0332152,Prior,True
underdevelopment,C0020636,underdevelopment,True
underlying,C4722602,Underlying,True
underlying adenopathy,C0497156,Adenopathy,True
underlying mass,C0577559,Mass,True
underside,C5706869,Underside,True
undetectable,C3827727,Undetectable,True
undetermined,C0205258,undetermined,True
undiagnosed,C1408353,Undiagnosed,True
undisplaced,C0443336,Undisplaced,True
undo,C2347972,Undo,True
unequivocal,C4053896,Unequivocal,True
unexpected,C4055646,Unexpected,True
unexplained,C4288071,Unexplained,True
unfavorable,C3640815,Unfavorable,True
ung,C4520806,UNG,True
unidentified,C1457901,UNIDENTIFIED,True
uniform,C0205375,Uniform,True
unilateral,C0205092,Unilateral,True
unintended,C1283932,Unintended,True
uninterpretable,C3897243,Uninterpretable,True
unit,C3853603,Unit,True
units,C0439148,Units,True
unknown,C1549105,Unknown,True
unlikely,C0750558,Unlikely,True
unrecognized,C4288068,Unrecognized,True
unrelated,C0445356,Unrelated,True
unreliable,C0749770,unreliable,True
unremarkable,C0205307,Unremarkable,True
unresolved,C0443342,Unresolved,True
unresponsive,C0237284,Unresponsive,True
unspecified,C4048188,Unspecified,True
unstable,C0443343,Unstable,True
unsuccessful,C1272705,Unsuccessful,True
unsure,C0087130,Unsure,True
untreated,C0332155,untreated,True
unused,C0445107,Unused,True
unusual,C2700116,Unusual,True
up,C0547043,Up,True
upon,C1720176,Upon,True
upper,C5702598,Upper,True
upper - lobe,C0225756,Upper Lobe,True
upper - mid,C0444598,Mid,True
upper - most,C0205393,Most,True
upper - to - mid,C0444598,Mid,True
upper abdomen,C0230165,Upper Abdomen,True
upper limits,C0439801,limits,True
upper lobes,C0796494,lobes,True
upper part,C1709471,Part,True
upper svc,C0231957,svc,True
upper to med,C4321267,MED,True
upper to mid,C0444598,Mid,True
upper zone,C1710706,Zone,True
uppermost,C1282910,Uppermost,True
upright,C0522015,Upright,True
upright position,C0231472,Upright Position,True
upsloping,C0450426,Upsloping,True
uptake,C0347980,% uptake,True
upturned,C1840077,Anteverted nostril,True
upward,C1282911,Upward,True
upward direction,C0700158,Direction,True
ural,C5885900,Ural,True
ureter,C0041951,Ureter,True
ureteral,C0041951,Ureteral,True
ureters,C0041951,Ureters,True
urethrocele,C0238502,Urethrocele,True
urgent,C0439609,Urgent,True
urinary,C0042027,URINARY,True
urosepsis,C0149801,Urosepsis,True
us,C0439224,us,True
usage,C0457083,Usage,True
use,C1947944,Use,True
useful,C3827682,Useful,True
usual,C3538928,Usual,True
usually,C3888388,Usually,True
uterine,C0042149,Uterine,True
uterus,C1519876,Uterus,True
uti,C0042029,UTI,True
utility,C3669222,Utility,True
utis,C0042029,utis,True
v,C0439120,V,True
vac,C5779650,VAC,True
vacation,C0680199,Vacation,True
vad,C0077973,VAD,True
vagotomy,C0394374,Vagotomy,True
vague,C0205408,Vague,True
vague area,C0017446,Area,True
vague opacification,C0449584,Opacification,True
vaguely visualized,C0234621,Visualized,True
vagus,C0042276,Vagus,True
valleculae,C0227157,Structure of vallecula of epiglottis,True
valley,C0563004,Valley,True
values,C0042295,Values,True
valve,C1186983,valve,True
valve - like,C0870814,Like,True
valves,C1186983,valves,True
valvuloplasty,C0190112,Valvuloplasty,True
variability,C2827666,Variability,True
variable,C0439828,Variable,True
variant,C0205419,Variant,True
variants,C0205419,variants,True
variation,C0205419,Variation,True
variations,C0205419,variations,True
varicella,C0008049,Varicella,True
varices,C0042345,Varices,True
varies,C1548673,Varies,True
variety,C1883525,Variety,True
various,C0440102,Various,True
varus,C0443345,Varus,True
vas,C3536884,VAS,True
vascular,C0005847,Vascular,True
vascularity,C4068833,Vascularity,True
vascularization,C0027686,Vascularization,True
vasculature,C3714653,Vasculature,True
vasculatures,C3714653,vasculatures,True
vasculitis,C0042384,Vasculitis,True
vasopressors,C0042397,vasopressors,True
vasospasm,C0085616,Vasospasm,True
vasovagal,C1519959,Vasovagal,True
vast,C0814230,VAST,True
vats,C3267126,VATS,True
vc,C0042834,VC,True
vegetations,C1285498,vegetations,True
vehicle,C0348005,Vehicle,True
veil,C0453968,Veil,True
veil - like,C0870814,Like,True
vein,C0042449,Vein,True
veins,C0042449,Veins,True
velocity,C0439830,Velocity,True
vena,C0447122,Vena,True
vena cava,C0042460,Vena Cava,True
vena caval,C0042460,Vena caval,True
venae,C0042449,Venae,True
venogram,C0031545,Venogram,True
venotomy,C0684257,Venotomy,True
venous,C0042449,Venous,True
venouscatheters,C0745442,Intravenous Catheters,True
ventilated,C0231923,Ventilated,True
ventilation,C2945579,Ventilation,True
ventilation - acquired,C0439661,Acquired,True
ventilator,C0087153,Ventilator,True
ventilatory,C0087153,Ventilator - respiratory equipment,True
ventral,C1704448,Ventral,True
ventricle,C0018827,Ventricle,True
ventricles,C0018827,Ventricles,True
ventricular,C0018827,Ventricular,True
ventriculo - peritoneal,C0442034,Peritoneal,True
ventriculomegaly,C1531647,Ventriculomegaly,True
ventriculostomy,C0042517,Ventriculostomy,True
ventrolateral,C3266730,Ventrolateral,True
verbal,C0439824,Verbal,True
verge,C0205284,Verge,True
verified,C1711411,Verified,True
vertebra,C0549207,Vertebra,True
vertebrae,C0549207,Vertebrae,True
vertebral,C0549207,Vertebral,True
vertebrectomy,C2363924,Vertebrectomy,True
vertebroplasties,C1679844,vertebroplastic,True
vertebroplasty,C1303192,Vertebroplasty,True
vertebroplasty - related,C0445223,Related,True
vertical,C0205128,Vertical,True
vertically - oriented,C1961028,Oriented,True
very,C0442824,Very,True
very difficult to see,C1947903,See,True
very extensive,C0205231,Extensive,True
very little change,C0392747,Change,True
very poor,C3641766,Very Poor,True
very proximal,C4489236,Proximal,True
very s,C0439118,S,True
very shallow,C4698035,Shallow,True
very slight,C0442824,Very,True
very slightly,C0750482,Slightly,True
very slowly,C0439834,Slowly,True
very small,C0442824,Very,True
vesicles,C0333262,VESICLES,True
vessel,C0042591,Vessel,True
vessel - on - end,C2746065,End,True
vessel on - end,C2746065,End,True
vessel on end,C2746065,End,True
vessels,C0005847,vessels,True
vessels on - end,C2746065,End,True
vessels on end,C2746065,End,True
via,C3812285,VIA,True
videofluoroscopy,C1660599,videofluoroscopy,True
view,C0449911,View,True
views,C0449911,views,True
viral,C0521026,Viral,True
viremia,C4721539,Viremia,True
virtual,C1553497,virtual,True
virus,C0042769,virus,True
viscera,C0042779,Viscera,True
visceral,C0442045,Visceral,True
viscous,C0311419,viscous,True
viscus,C0042779,Viscus,True
visible,C0205379,Visible,True
visual,C0234621,Visual,True
visualization,C2827662,Visualization,True
visualized,C0234621,Visualized,True
vital,C0442732,Vital,True
vitamin d,C3843456,D,True
vn,C1710604,VN,True
vocal,C0205382,vocal,True
vol,C0449468,VOL,True
volume,C1705102,Volume,True
volume - blunting,C0449468,Volume,True
volume - dependent,C0851827,Dependent,True
volume - related,C0445223,Related,True
volume a loss,C5890125,Loss,True
volume loss,C5890125,Loss,True
volume overload,C0546817,VOLUME OVERLOAD,True
volume status,C0449438,Status,True
volumes,C0449468,volumes,True
voluntary,C0439656,Voluntary,True
volvulus,C0042961,Volvulus,True
vomiting,C0042963,Vomiting,True
vp,C0228336,VP,True
vp shunt,C1442858,Shunt,True
vsd,C0018818,VSD,True
vv,C4554580,VV,True
w,C0439121,W,True
w / temp,C0039476,Temp,True
w tip,C1705504,TIP,True
waist,C0230097,Waist,True
wake,C0442696,Wake,True
wall,C0677535,Wall,True
walled,C0205380,Walled,True
walls,C0677535,Walls,True
ward,C1305702,Ward,True
wart,C5848091,Wart,True
warts,C5848091,Warts,True
was,C0043194,WAS,True
was vein,C0042449,Vein,True
washed out,C0392674,Washed out,True
washings,C0018581,Handwashing,True
washout,C1710661,Washout,True
water,C0043047,Water,True
water - seal,C0036492,Seal,True
water seal,C0036492,Seal,True
waveform,C0450448,Waveform,True
waving,C0678544,waving,True
wavy,C5447272,Wavy,True
wax,C0043076,Wax,True
wbc,C1882326,% WBC,True
weakness,C3714552,Weakness,True
weber,C0582525,weber,True
wedge,C0439639,Wedge,True
wedge - compressed,C5782431,Compressed,True
wedge - compression,C0332459,Compression,True
wedge - like,C0870814,Like,True
wedge - shape,C0332503,Wedge shape,True
wedge - shaped,C0332503,wedge shaped,True
wedge - type,C0332307,Type,True
wedge deformity,C0302142,Deformity,True
wedge resection,C0184909,Wedge resection,True
wedge shape,C0332503,Wedge shape,True
wedge shaped,C0332503,wedge shaped,True
wedge shapped,C0332503,Wedge shape,True
weekend,C0680190,Weekend,True
wegener,C3495801,Wegener,True
wegener ' s,C0439118,S,True
weight,C0424653,weight,True
weighted,C0005910,weighted,True
weighted portion,C0449719,Portion,True
weighted tip,C1705504,TIP,True
well,C5575035,Well,True
well - aerated,C0205170,Good,True
well - aligned,C1706765,Aligned,True
well - circumscribed,C1282914,Circumscribed,True
well - corticated,C0205170,Good,True
well - defined,C3539106,Defined,True
well - delineated,C4684445,Delineated,True
well - expanded,C0205229,expanded,True
well - healed,C0205249,Healed,True
well - inflated,C0205170,Good,True
well - marginated,C0442812,marginated,True
well - placed,C1533810,Placed,True
well - positioned,C0205170,Good,True
well - rounded,C0332490,Rounded,True
well - ventilated,C0231923,Ventilated,True
well - visualized,C0234621,Visualized,True
well above,C1282910,Above,True
well aligned,C1706765,Aligned,True
well assessed,C1516048,Assessed,True
well characterized,C1880022,Characterized,True
well defined,C3539106,Defined,True
well delineated,C4684445,Delineated,True
well evaluated,C0220825,Evaluated,True
well filled,C1708059,Filled,True
well formed,C0205431,Formed,True
well identified,C1550043,Identified,True
well into,C0332286,Into,True
well localized,C0392752,Localized,True
well past,C1444637,Past,True
well preserved,C0033085,Preserved,True
well seen,C0205397,seen,True
well the found,C0150312,Found,True
well visible,C0205379,Visible,True
well visualized,C0234621,Visualized,True
well within,C0332285,Within,True
wet,C0205381,Wet,True
wet read,C0034754,Read,True
wetness,C1830752,Wetness,True
wheeze,C0043144,Wheeze,True
wheezing,C0043144,Wheezing,True
while,C0750519,while,True
white,C5575753,White,True
white - out,C0234438,white out,True
white out,C0234438,white out,True
whitening,C2986584,Whitening,True
whiteout,C0234438,Whiteout,True
whole,C0439751,Whole,True
wide,C5980933,Wide,True
wide - appearing,C0332464,Widening,True
wide - bore,C2945608,Bore,True
wide - caliber,C1301886,Caliber,True
wide - spread,C0332261,Spread,True
wide extent,C0439792,Extent,True
widened,C0332464,widened,True
wideness,C0487742,Wideness,True
widening,C0332464,Widening,True
widening out,C0439787,Out,True
wider - bored,C0006019,Bored,True
wider - caliber,C1301886,Caliber,True
widespread,C0205391,Widespread,True
width,C0487742,Width,True
widths,C0549188,"Fingers, unit of measurement",True
will,C0042950,Will,True
winding,C0016204,winding,True
window,C0557702,Window,True
windows,C0557702,windows,True
wing,C0043189,Wing,True
wire,C0005978,Wire,True
wire - like,C0870814,Like,True
wires,C0005978,Wires,True
wiring,C0441650,Wiring,True
with,C0332287,With,True
with side - port,C0452253,Port,True
withdraw,C2349954,Withdraw,True
withdrawal,C2825032,Withdrawal,True
withdrawn,C2825032,Withdrawn,True
withdrawn a couple of centimeters,C0475210,centimeters,True
withdrawn to standard,C1442989,Standard,True
within,C0332285,Within,True
within limits,C0439801,limits,True
without,C0332288,Without,True
without ptx,C0030899,PTX,True
wo,C4071828,WO,True
woman,C4281745,Woman,True
women,C0043210,Women,True
word,C1705313,Word,True
working,C0043227,Working,True
working properly,C0043227,Work,True
worry,C0233481,Worry,True
worse,C1457868,Worse,True
worse from,C1457868,Worse,True
worse from through,C0332273,Through,True
worsen,C1457868,worsen,True
worsened,C1457868,Worsened,True
worsening,C0332271,Worsening,True
worsens,C1457868,worsens,True
worst,C1522166,Worst,True
wound,C0043250,Wound,True
wounds,C0043250,Wounds,True
wrist,C1322271,Wrist,True
wrists,C0043262,Wrists,True
wrong,C3827420,Wrong,True
wrong side,C0441987,Side,True
x,C5552667,X,True
x - ray,C0043309,X-ray,True
x - rays,C0043309,X-Rays,True
xiphoid,C0043356,Xiphoid,True
xray,C0043309,Xray,True
y,C0439123,Y,True
y - shaped,C0332479,shaped,True
y - stent,C0038257,Stent,True
y - type,C0332307,Type,True
y stent,C0038257,Stent,True
y t,C0439119,T,True
year,C0439508,/year,True
years,C0439234,years,True
young,C0332239,Young,True
zenker ' s,C0439118,S,True
zenker ' s diverticulum,C0012817,Diverticulum,True
zipper,C0453984,Zipper,True
zone,C1710706,Zone,True
zoster,C0019360,Zoster,True
zygomatic,C0043539,Zygomatic bone,True
